Brand,Tread,MSPN,Description,LR,FET,Price
MICHELIN,XIZ,13712,11R22.5 X INCITY Z LRH,H,$32.51,$816.80
MICHELIN,XLED,35887,11R22.5 X LED LRG,G,$25.23,$613.60
MICHELIN,XLEZ,03363,11R22.5 X LEZ LRG,G,$25.23,$616.00
MICHELIN,XLEZ,06697,11R22.5 X LEZ LRH,H,$29.39,$637.60
MICHELIN,XLED+,51317,11R22.5 X Line Energy D+LRG,G,$25.23,$631.20
MICHELIN,XMED,58300,11R22.5 X MED LRG,G,$25.23,$613.60
MICHELIN,XMZ2,64542,11R22.5 X Multi Z2 TLLRG VB MI,G,$25.23,$580.00
MICHELIN,XWZ,15701,11R22.5 X WORKS Z LRH VG,H,$29.39,$664.80
MICHELIN,XDA5+,14003,11R22.5 XDA5+ LRG,G,$25.23,$637.60
MICHELIN,XDN2,72805,11R22.5 XDN2 LRG,G,$25.23,$605.60
MICHELIN,XDN2,64321,11R22.5 XDN2 LRH,H,$29.39,$626.40
MICHELIN,XDS 2,05359,11R22.5 XDS2 LRH,H,$29.39,$745.60
MICHELIN,XLET2,49668,11R22.5 XLET2 LRG,G,$25.23,$523.20
MICHELIN,XLGD,26206,11R22.5 XLGD LRG VB MI,G,$25.23,$617.60
MICHELIN,XMD+,82675,11R22.5 XMD+ TL LRH VG MI,H,$29.39,$648.00
MICHELIN,XMD+,95809,11R22.5 XMD+ TL LRH VG MI,H,$29.39,$647.20
MICHELIN,XMED,00783,11R22.5 XMED LRH,H,$29.39,$581.60
MICHELIN,XMET2,73169,11R22.5 XMET2 TL LRG VB MI,G,$25.23,$564.00
MICHELIN,XMEZ2,22514,11R22.5 XMEZ2 146/143L LRHV,H,$29.39,$624.80
MICHELIN,XWD,10423,11R22.5 XWD LRHVG MI,H,$29.39,$676.80
MICHELIN,XWZ,16679,11R22.5 XWZ LRH VG MIL,H,$0.00,$664.80
MICHELIN,XWZ2,03309,11R22.5 XWZ2 TL LRH VG MI,H,$29.39,$671.20
MICHELIN,XZE2,78390,11R22.5 XZE2 LRG,G,$25.23,$580.00
MICHELIN,XZE2,51053,11R22.5 XZE2 LRG SAIC,G,$0.00,$536.80
MICHELIN,XZE2,67042,11R22.5 XZE2 LRH,H,$29.39,$600.80
MICHELIN,XLEZ,18748,11R24.5 X LEZ LRH,H,$34.59,$680.80
MICHELIN,XMED,61739,11R24.5 X MED LRH,H,$34.59,$639.20
MICHELIN,XWZ,78261,11R24.5 X WORKS Z LRH VG,H,$34.59,$691.20
MICHELIN,XDA5+,97973,11R24.5 XDA5+ LRH,H,$34.59,$685.60
MICHELIN,XDN2,87129,11R24.5 XDN2 LRH,H,$34.59,$653.60
MICHELIN,XDS 2,06613,11R24.5 XDS2 LRH,H,$34.59,$778.40
MICHELIN,XLET2,45557,11R24.5 XLET2 LRH,H,$34.59,$564.00
MICHELIN,XMD+,25135,11R24.5 XMD+ TL LRH VG MI,H,$34.59,$674.40
MICHELIN,XMD+,32561,11R24.5 XMD+ TL LRH VG MI,H,$34.59,$673.60
MICHELIN,XTE,07025,11R24.5 XTE LRG,G,$29.39,$584.80
MICHELIN,XWD,62703,11R24.5 XWD LRHVG MI,H,$34.59,$704.00
MICHELIN,XWGD,51503,11R24.5 XWGD LRH VG MI,H,$34.59,$835.20
MICHELIN,XWZ2,35699,11R24.5 XWZ2 TL LRH VG MI,H,$34.59,$698.40
MICHELIN,XZE2,91867,11R24.5 XZE2 LRG,G,$29.39,$622.40
MICHELIN,XZE2,88507,11R24.5 XZE2 LRH,H,$34.59,$643.20
MICHELIN,XZE2,95265,11R24.5 XZE2 LRH (MEX),H,$34.59,$548.80
MICHELIN,XML,63997,12.00R20 XML LRG POR,G,$34.59,$1576.80
MICHELIN,XZL,02383,12.00R20 XZL 154K (LRJ),J,$45.08,$1715.20
MICHELIN,XMGD,24674,12R22.5 X MULGR D LRH VG,H,$36.57,$795.20
MICHELIN,XWZ,11073,12R22.5 X WORKS Z LRH VG,H,$36.76,$771.20
MICHELIN,XDN2,51753,12R22.5 XDN2 LRH,H,$36.76,$722.40
MICHELIN,XDS,62208,12R22.5 XDS TL LRH,H,$36.76,$795.20
MICHELIN,XZE*,85335,12R22.5 XZE* LRH,H,$36.76,$728.00
MICHELIN,XFZL,38644,14.00R20 XFORCE ZL TL168/165K,M,$41.77,$1561.60
MICHELIN,XZL+,71701,14.00R20 XZL+ 164/160J,M,$35.44,$2221.60
MICHELIN,XL,04852,15.5/80R20 XL 168F LRJ,J,$41.58,$1710.40
MICHELIN,XFORCEWINT,83520,16.00R20 X FORCE WINTER VM MI,M,$0.00,$2441.60
MICHELIN,XFZL,06799,16.00R20 XFZL TL 174/171JVM MI,M,$53.39,$2183.20
MICHELIN,XZL,06306,16.00R20 XZL LRM,M,$52.16,$3107.20
MICHELIN,XMT2,24581,215/75R17.5 XMT2 136/134J VM,J,$13.61,$511.20
MICHELIN,XMZ,25151,215/75R17.5 XMZ 126/124M,G,$2.36,$373.60
MICHELIN,AGILHDAS,07714,225/70R19.5 AGILHDAS LRG VB MI,G,$4.44,$354.80
MICHELIN,AGILIS HDZ,44835,225/70R19.5 AGILIS HD Z LRG MI,G,$4.44,$336.40
MICHELIN,AGLSHDGRPD,79805,225/70R19.5 AGLSHDGRPD VB,G,$4.44,$382.00
MICHELIN,XDS 2,24975,225/70R19.5 XDS 2 LRG 3PMSF,G,$4.44,$240.00
MICHELIN,XDS 2,38669,225/70R19.5 XDS2 LRG V1 3PMSF,G,$4.44,$392.80
MICHELIN,XRV,87511,235/80 R22.5 XRV TL LRG,G,$11.06,$534.40
MICHELIN,XMT2,00765,245/70R17.5 XMT2 143/141J VM,J,$23.63,$552.00
MICHELIN,XTA2 ENER,78370,245/70R17.5 XTA2 ENER 143J LRJ,J,$23.63,$526.40
MICHELIN,AGILHDAS,90438,245/70R19.5 AGILHDAS LRH VB MI,H,$13.61,$377.20
MICHELIN,AGILIS HDZ,72392,245/70R19.5 AGILIS HD Z LRH MI,H,$13.61,$358.00
MICHELIN,AGLSHDGRPD,68242,245/70R19.5 AGLSHDGRPD VB,H,$13.61,$395.00
MICHELIN,XTE2,67113,245/70R19.5 XTE2 141/140J(LRJ),J,$20.51,$528.00
MICHELIN,XZL,76025,24R21 XZL 176G (LRH),H,$57.65,$4356.80
MICHELIN,XZL,70864,255/100R16 XZL 126K (LRD),D,$0.00,$404.00
MICHELIN,XZE*,61737,255/70R22.5 PIL XZE* LRH,H,$18.99,$547.20
MICHELIN,XMD,76760,255/70R22.5 XMD LRH VQ,H,$18.99,$597.60
MICHELIN,XRV,59634,255/80R22.5 XRV LRG,G,$16.07,$672.80
MICHELIN,XLET,40936,265/70R19.5 X LET LRH,J,$23.63,$538.40
MICHELIN,XMD2,57251,265/70R19.5 X MULTI D2 M VG,G,$18.99,$740.80
MICHELIN,XMZ,75319,265/70R19.5 X MULTI Z LRG,G,$18.99,$711.20
MICHELIN,XDE2+,95319,265/70R19.5 XDE2+ LRG,G,$18.99,$699.20
MICHELIN,XICITYEVZ,30103,275/70R22.5 X INCITY EV Z LRJ,,$40.92,$696.00
MICHELIN,XIZ,59714,275/70R22.5 X INCITY Z LRJ,J,$32.51,$697.60
MICHELIN,XMZ,31513,275/70R22.5 XMZ LRJ VM,J,$32.51,$633.60
MICHELIN,XTY2,01658,275/70R22.5 XTY2 LRJ,J,$32.51,$635.20
MICHELIN,XLED,36859,275/80R22.5 X LED LRG,G,$25.23,$602.40
MICHELIN,XLEZ,03885,275/80R22.5 X LEZ LRG,G,$25.23,$485.00
MICHELIN,XMED,63049,275/80R22.5 X MED LRG,G,$25.23,$602.40
MICHELIN,XMEZ,26902,275/80R22.5 X MEZ LRH D,H,$34.59,$584.80
MICHELIN,XDA5+,61310,275/80R22.5 XDA5+ LRG,G,$25.23,$626.40
MICHELIN,XDN2,63465,275/80R22.5 XDN2 LRG,G,$25.23,$594.40
MICHELIN,XMD+,84661,275/80R22.5 XMD+ TL LRG VG MI,G,$25.23,$613.60
MICHELIN,XZE,01637,275/80R22.5 XZE LRH,H,$34.59,$589.60
MICHELIN,XZE2,55895,275/80R22.5 XZE2 LRG,G,$25.23,$580.00
MICHELIN,XMD,09733,285/70R19.5 XMD LRH VG,H,$23.63,$693.60
MICHELIN,XMZ,31459,285/70R19.5 XMZ LRH VM,H,$29.39,$722.40
MICHELIN,XMZ2,57132,285/70R19.5 XMZ2 148/146LVQ MI,J,$29.39,$765.60
MICHELIN,XTE2,28055,285/70R19.5 XTE2 TL 150/148JVM,J,$36.76,$711.20
MICHELIN,XLEZ,06632,295/60R22.5 XLEZ 150L LRJ VC,J,$36.76,$664.80
MICHELIN,XMD,20735,295/60R22.5 XMD 150L LRJ,J,$36.76,$767.20
MICHELIN,X M596,04276,295/75R22.5 X M596 TL LRH VB,H,$34.59,$544.00
MICHELIN,X M596A,26132,295/75R22.5 X M596A LRH VB,H,$34.59,$544.00
MICHELIN,X M597,35895,295/75R22.5 X M597 TL LRH VB,H,$34.59,$504.00
MICHELIN,XMEZ2,08630,295/75R22.5 X MEZ2 LRH,H,$34.59,$593.60
MICHELIN,XMZ2,80064,295/75R22.5 X MULTI Z2 TL LRG,G,$25.23,$580.00
MICHELIN,XMZ2,48428,295/75R22.5 X MULTI Z2 TL LRH,H,$34.59,$590.40
MICHELIN,XLED+,54926,295/75R22.5 XLED+ TL LRG VB MI,G,$25.23,$631.20
MICHELIN,XLET2,41669,295/75R22.5 XLET2 LRG VB MI,G,$25.23,$519.20
MICHELIN,XLINERGYZ+,45779,295/75R22.5 XLEZ+ TL LRH,H,$34.59,$495.00
MICHELIN,XLGD,19901,295/75R22.5 XLGD LRG VB,G,$25.23,$499.00
MICHELIN,XMD+,96652,295/75R22.5 XMD+ TL LRG VG MI,G,$25.23,$614.40
MICHELIN,XMET2,98890,295/75R22.5 XMulti EnergyT2LRG,G,$25.23,$564.00
MICHELIN,XMW3DXZE,07719,295/80R22.5 XMW 3D XZE 152/148,H,$40.92,$912.00
MICHELIN,XCZ COACH,53962,295/80R22.5H XCZ 154/150MVG,H,$45.08,$824.00
MICHELIN,XICTYGRPD,33884,305/70R22.5 XINCITY GRIP D LRL,L,$43.00,$953.60
MICHELIN,XIZ,02348,305/70R22.5 XINCITYZ LRL,L,$43.00,$937.60
MICHELIN,XRV,93499,305/70R22.5 XRV LRL,L,$40.92,$821.60
MICHELIN,XICTYGRPD+,20654,305/85R22.5 XICTYGRPD+ LRJ VG,J,$40.92,$741.60
MICHELIN,XIGDSL,08623,305/85R22.5 XINCITYGRIPDSLRJVG,J,$40.92,$725.60
MICHELIN,XIZ+,09866,305/85R22.5 XIZ+ LRJ VG,J,$40.92,$1034.40
MICHELIN,XIZSL,62156,305/85R22.5XINCITY Z SL LRJ,J,$40.92,$1075.20
MICHELIN,XLEZ2,82201,315/70R22.5 XLINE ENERGY Z2LRJ,L,$50.27,$702.24
MICHELIN,XLEZ,09807,315/80R22.5 X LEZ LRL,,$52.83,$832.96
MICHELIN,XWORKSXDY,55576,315/80R22.5 X WORKS XDY LRL,L,$52.83,$862.60
MICHELIN,XWZ,64204,315/80R22.5 X WORKS Z LRL VG,L,$52.83,$879.32
MICHELIN,XDN 2GRIP,04355,315/80R22.5 XDN2 GRIP 156L LRL,L,$52.83,$873.24
MICHELIN,XIEZ,10182,315/80R22.5 XINCITYNRGZ LRL VB,L,$55.47,$943.16
MICHELIN,XMZ,02872,315/80R22.5 XMZ LRL VM,L,$52.83,$794.96
MICHELIN,XZUS 2,77510,315/80R22.5 XZUS 2 LRL,L,$61.43,$838.28
MICHELIN,XML,37984,325/85R16 XML LRD,D,$7.42,$1368.80
MICHELIN,XFZH,35344,325/95R24 XFZH TL 167/164FVG M,L,$40.21,$1259.20
MICHELIN,XFZL,25677,335/80R20 X FORCE ZL MPT 150K,G,$18.38,$889.60
MICHELIN,XZA,52215,365/70R22.5 XZA 162M (LRL),L,$33.08,$919.60
MICHELIN,XFZL,59234,365/80R20 XFORCE ZL 158K MPT,G,$0.00,$1216.80
MICHELIN,XZL,97627,365/80R20 XZL 152K (LRL) MPT,L,$20.46,$1509.60
MICHELIN,XZL,56389,365/85R20 XZL LRJ,J,$35.44,$2008.80
MICHELIN,XMT2,28644,385/55R22.5 XMULTI T2 LRL VG,L,$30.33,$1068.56
MICHELIN,XMHLZ,00777,385/65R22.5 XMHLZ TL 164K VG,L,$35.44,$870.96
MICHELIN,XZY 3,53779,385/65R22.5 XZY 3 160K (LRJ),L,$27.74,$812.44
MICHELIN,XML,99131,395/85R20 XML LRG,G,$31.66,$1785.24
MICHELIN,XZL 2,83808,395/85R20 XZL 2 168K,J,$41.58,$2077.08
MICHELIN,XZL,54331,395/85R20 XZL LRJ,J,$41.58,$2163.72
MICHELIN,XZL+,94675,395/85R20 XZL+ TL 168G LRJ,J,$41.58,$2163.72
MICHELIN,XZE,66642,425/65R22.5 XZE LRL,L,$37.33,$956.08
MICHELIN,XZY 3,40321,425/65R22.5 XZY3 LRL,L,$37.33,$919.60
MICHELIN,X1LED2,26760,445/50R22.5 161L X1LED2 TL LRL,L,$31.66,$1235.20
MICHELIN,X1MET,33836,445/50R22.5 161L X1METLRL VBMI,L,$31.66,$981.29
MICHELIN,X1LGD,71140,445/50R22.5 X1LGD LRLVGR117R54,L,$31.66,$1234.20
MICHELIN,X1LET2,75029,445/50R22.5 XONE LET2 LRL,L,$31.66,$1025.60
MICHELIN,X1MTT,60459,445/50R22.5 XONE MULTI T LRLVB,L,$31.66,$981.29
MICHELIN,XZL,84103,445/65R22.5 XZL (LRL),L,$41.58,$1129.36
MICHELIN,XZY 3,83691,445/65R22.5 XZY 3 169K (LRL),L,$43.94,$989.52
MICHELIN,X1LGD,41721,455/55R22.5 X ONE LGD LRL VG,L,$35.44,$1256.54
MICHELIN,X1MET,47798,455/55R22.5 X ONE MET LRL,L,$35.44,$995.65
MICHELIN,XONE XZUS,28513,455/55R22.5 X ONE XZUS LRM,M,$38.75,$1286.85
MICHELIN,XONEXZY3,11629,455/55R22.5 X ONE XZY3 LRM,M,$38.75,$1271.69
MICHELIN,X1LGD,13289,455/55R22.5 X1LGD LRLVGR117R54,L,$35.44,$1256.54
MICHELIN,XPS RIB,39510,LT215/85R16 XPS RIB LRE,E,$0.00,$264.00
MICHELIN,XPS TRACT,35260,LT215/85R16 XPS TRACTION LRE,E,$0.00,$306.40
MICHELIN,XPS RIB,08404,LT225/75R16 XPS RIB LRE,E,$0.00,$291.20
MICHELIN,XPS RIB,13080,LT235/85R16 XPS RIB LRE,E,$0.00,$294.40
MICHELIN,XPS RIB,26848,LT245/75R16 XPS RIB LRE,E,$0.00,$301.60
MICHELIN,AGILIS CC,57046,195/75R16C 107/105R AGIL CC DT,,$0.00,$165.10
MICHELIN,DEFENDER2,13757,215/55R17 98V XL DEFENDER2,,$0.00,$155.35
MICHELIN,DEFENDER2,54251,215/60R17 96H DEFENDER2 MI,,$0.00,$146.25
MICHELIN,XISNOW SUV,85800,215/70R16 100T X-ICE SNOW SUV,,$0.00,$159.25
MICHELIN,PS4 SUV,96838,225/40R20 94Y XL PS4 SUV ZP,,$0.00,$308.10
MICHELIN,X-ICE SNOW,09602,225/45R19 96TXL XICE SNOW RG,,$0.00,$279.50
MICHELIN,DEFENDER2,68361,225/50R18 99V XL DEFENDER2 MI,,$0.00,$183.95
MICHELIN,CRSCLMT2AW,04749,225/55R18 98H CRSCLMT2 A/W,,$0.00,$184.60
MICHELIN,PRIMTOURAS,38158,225/55R18 98V PRIMTOURAS DT,,$0.00,$196.95
MICHELIN,DEFENDER2,62509,225/55R18 98V TL DEFENDER2 MI,,$0.00,$169.65
MICHELIN,PRIMACY AS,35915,225/55R19 103H XL PRIMACY AS,,$0.00,$207.35
MICHELIN,CRSCLMT2AW,19326,225/55R19 103V XL CRSCLMTE2 AW,,$0.00,$204.75
MICHELIN,DEFENDER2,40689,225/55R19 103V XLTL DEFENDER2,,$0.00,$201.50
MICHELIN,PRIMTOURAS,14332,225/55R19 99V PRIMTOURAS,,$0.00,$213.85
MICHELIN,PS4 SUV,29473,225/55R19 99V PS4 SUV,,$0.00,$200.20
MICHELIN,XISNOW SUV,29761,225/55R19/XL 103T XICESNOW SUV,,$0.00,$183.95
MICHELIN,CRSCLMT2AW,08941,225/60R17 99H CRSCLMT2AW MI,,$0.00,$163.80
MICHELIN,DEFENDER2,78472,225/60R17 99H DEFENDER2 MI,,$0.00,$156.65
MICHELIN,PRIMACY AS,43257,225/60R17 99H PRIMACY AS MI,,$0.00,$183.30
MICHELIN,PRIMACY AS,72282,225/60R18 100H PRIMACY AS,,$0.00,$193.05
MICHELIN,PRIMACY AS,64429,225/60R18 100H PRIMACY AS DT,,$0.00,$180.70
MICHELIN,PRIMTOURAS,08121,225/60R18 100V PRIMTOURAS,,$0.00,$184.60
MICHELIN,PS4 SUV,27557,225/60R18 100V PS4 SUV,,$0.00,$217.75
MICHELIN,CRSCLMT2AW,36488,225/60R18 104H XL CRSCLMTE2 AW,,$0.00,$182.00
MICHELIN,PA5 SUV,67319,225/60R18 104H XL PA5 SUV ZP *,,$0.00,$254.15
MICHELIN,PRIMACY AS,25468,225/60R18 104H XL PRIMACY AS,,$0.00,$196.30
MICHELIN,CRSCLMT2AW,13153,225/65R17 102H CROSSCLIMTE2A/W,,$0.00,$159.90
MICHELIN,DEFENDER2,08218,225/65R17 102H DEFENDER2 MI,,$0.00,$152.75
MICHELIN,PRIMACY AS,07100,225/65R17 102H PRIMACY AS,,$0.00,$174.20
MICHELIN,PRIMACY AS,52670,225/65R17 102H PRIMACY AS DT,,$0.00,$176.15
MICHELIN,PRIMACY AS,40489,225/65R17 102H PRMACY AS TPCDT,,$0.00,$178.10
MICHELIN,PS4 SUV,05071,225/65R17 106V XL PS4 SUV,,$0.00,$180.05
MICHELIN,XISNOW SUV,24387,225/65R17/XL 106T XICESNOW SUV,,$0.00,$149.50
MICHELIN,XISNOW SUV,29525,225/70R16 103T X-ICE SNOW SUV,,$0.00,$144.30
MICHELIN,AGILISCC2,64665,225/75R16C 121/120R AGILIS CC2,E,$0.00,$220.35
MICHELIN,DEFENDER2,48884,235/40R19 96V XL DEFENDER2,,$0.00,$201.50
MICHELIN,DEFENDER2,58723,235/45R18 98V XL DEFENDER2,,$0.00,$184.60
MICHELIN,DEFENDER2,34256,235/45R19 99H XL DEFENDER2 MI,,$0.00,$188.50
MICHELIN,CRSCLMT2AW,16620,235/45R19 99V XL CRSCLIMTE2A/W,,$0.00,$196.95
MICHELIN,CRSCLMT2AW,10503,235/45R20 100H XL CRSCLMT2AW,,$0.00,$217.75
MICHELIN,XISNOW SUV,21826,235/45R20 100H XL XICESNOW SUV,,$0.00,$207.35
MICHELIN,XISNOW SUV,09675,235/45R21 101HXL XICESW SUV RG,,$0.00,$221.00
MICHELIN,PS4 SUV,21815,235/45R21 101Y XL PS4 SUV AM0S,,$0.00,$397.15
MICHELIN,PS4 SUV,11175,235/45R21 101Y XL PS4 SUV MO,,$0.00,$380.90
MICHELIN,DEFENDER2,06034,235/50R18 101V XL DEFENDER2 MI,,$0.00,$191.10
MICHELIN,DEFENDER2,69845,235/50R19 103H XL DEFENDER2 MI,,$0.00,$205.40
MICHELIN,XISNOW SUV,83045,235/50R19 103T XL XICESNOW SUV,,$0.00,$250.25
MICHELIN,CRSCLMT2AW,44993,235/50R19 103V XL CRSCLMT2 A/W,,$0.00,$213.85
MICHELIN,XISNOW SUV,31534,235/50R20 104T XL XICESNOW SUV,,$0.00,$297.70
MICHELIN,CRSCLMT2AW,55754,235/50R20 104V XL CRSCLMT2 A/W,,$0.00,$221.65
MICHELIN,PS4 SUV,85914,235/50R20 104Y XL PS4 SUV JLR,,$0.00,$284.70
MICHELIN,CRSCLMT2AW,70170,235/50R21 101V CRSCLMT2 AW MI,,$0.00,$252.85
MICHELIN,LA SPORT 3,23743,235/55R18 100W LASPOR3 MO GRNX,,$0.00,$222.95
MICHELIN,CRSCLMT2AW,11315,235/55R18 104V XL CRSCLMT2AW,,$0.00,$198.25
MICHELIN,XISNOW SUV,12893,235/55R18/XL 104T XICESNOW SUV,,$0.00,$170.95
MICHELIN,LATTOURHP,52571,235/55R19 101H LATTOURHPAO GRX,,$0.00,$205.40
MICHELIN,LATTOURHP,15474,235/55R19 101V LATTOURHP N0GNX,,$0.00,$213.20
MICHELIN,LA SPORT 3,31637,235/55R19 101W LS 3 AOGRNX CCC,,$0.00,$241.15
MICHELIN,LA SPORT 3,01970,235/55R19 101Y LAT SPORT 3 N0,,$0.00,$209.30
MICHELIN,DEFENDER2,29595,235/55R19 105H XL DEFENDER2 MI,,$0.00,$207.35
MICHELIN,PA5 SUV,79576,235/55R19 105HXL PA5 SUV AO,,$0.00,$279.50
MICHELIN,PS4 SUV,00715,235/55R19 105Y XL PS4 SUV,,$0.00,$222.95
MICHELIN,CRSCLMT2AW,08499,235/55R19 XL 105V CRSCLMT2AW,,$0.00,$216.45
MICHELIN,XISNOW SUV,36547,235/55R19/XL 105H XICESNOW SUV,,$0.00,$187.85
MICHELIN,DEFENDER2,50833,235/55R20 102H DEFENDER2 MI,,$0.00,$199.55
MICHELIN,PRIMTOURAS,06125,235/55R20 102H PRIMTOURAS TPC,,$0.00,$206.70
MICHELIN,CRSCLMT2AW,70750,235/55R20 102V CROSSCLIMTE2A/W,,$0.00,$209.30
MICHELIN,PREMLTX,13732,235/55R20 102V PREM LTX MTP,,$0.00,$218.40
MICHELIN,XISNOW SUV,41625,235/55R20 105H XL XICESNOW SUV,,$0.00,$195.00
MICHELIN,PA5 SUV,40143,235/55R20 105VXL PA5 SUV NE0,,$0.00,$295.75
MICHELIN,DEFENDER2,21087,235/60R17 102H DEFENDER2 MI,,$0.00,$169.00
MICHELIN,XISNOW SUV,06156,235/60R17/XL 106T XICESNOW SUV,,$0.00,$156.65
MICHELIN,LA SPORT 3,67326,235/60R18 103V LS3 MO GRNX,,$0.00,$206.05
MICHELIN,LA SPORT 3,97317,235/60R18 103W LS 3 AOGRNX CCC,,$0.00,$209.30
MICHELIN,LA SPORT 3,01577,235/60R18 103W LTSPT 3 N1 MI,,$0.00,$236.60
MICHELIN,DEFENDER2,87332,235/60R18 107H XL DEFENDER2 MI,,$0.00,$185.25
MICHELIN,CROSCLISUV,07901,235/60R18 107V XL CROSCLISUVMO,,$0.00,$221.00
MICHELIN,CRSCLMT2AW,29611,235/60R18 107V XL CRSCLMT2 A/W,,$0.00,$196.95
MICHELIN,LATTOURHP,54329,235/60R18 107V XL LATTOURHPJ,,$0.00,$217.75
MICHELIN,PRIMTOURAS,03863,235/60R18 107V XL PRIMTOURAS,,$0.00,$204.75
MICHELIN,PS4 SUV,43840,235/60R18 107W XL PS4 SUV,,$0.00,$191.10
MICHELIN,PS4 SUV,80731,235/60R18 107WXL PS4 SUV AR MI,,$0.00,$196.95
MICHELIN,XISNOW SUV,88875,235/60R18/XL 107T XICESNOW SUV,,$0.00,$180.70
MICHELIN,XISNOW SUV,44879,235/60R19 107HXL XICESNOW SUV,,$0.00,$219.70
MICHELIN,CRSCLMT2AW,26500,235/60R19 107V XL CRSCLMTE2 AW,,$0.00,$230.10
MICHELIN,XISNOW SUV,91007,235/65R16 103T X-ICE SNOW SUV,,$0.00,$155.35
MICHELIN,AGILISCC2,27332,235/65R16C 121/119R AGILIS CC2,E,$0.00,$215.15
MICHELIN,CRSCLMT2AW,74077,235/65R17 104H CRSCLMT2 A/W,,$0.00,$183.95
MICHELIN,DEFENDER2,08758,235/65R17 104H DEFENDER2 MI,,$0.00,$176.15
MICHELIN,LAT ALPIN2,84848,235/65R17 108H XL LA2 N0 GRNX,,$0.00,$195.65
MICHELIN,XISNOW SUV,06558,235/65R17/XL 108T XICESNOW SUV,,$0.00,$158.60
MICHELIN,DEFENDER2,09818,235/65R18 106H DEFENDER2 MI,,$0.00,$176.80
MICHELIN,PRIMTOURAS,24419,235/65R18 106H PRIMTOURAS,,$0.00,$202.15
MICHELIN,LATTOUR,21436,235/65R18 106T LATTOUR GRNX,,$0.00,$194.35
MICHELIN,CRSCLMT2AW,47167,235/65R18 106V CROSSCLIMTE2A/W,,$0.00,$187.20
MICHELIN,PREMLTX,08008,235/65R18 106V PREM LTX MTP,,$0.00,$184.60
MICHELIN,PREMLTX,21864,235/65R18 106V PREMLTX S1,,$0.00,$212.55
MICHELIN,PS4 SUV,50098,235/65R18 110H XL PS4 SUV,,$0.00,$202.15
MICHELIN,LATTOURHP,24459,235/65R18 110VXLLATOURHP JLR,,$0.00,$208.65
MICHELIN,XISNOW SUV,23770,235/65R18/XL 110T XICESNOW SUV,,$0.00,$178.10
MICHELIN,DFNDRLTXMS,15545,235/70R16109TXLDFNRLTXMSORLMTP,,$0.00,$194.35
MICHELIN,DFNDRLTXMS,51139,235/75R17 109T DFNDRLTXMS MTP,,$0.00,$223.60
MICHELIN,XISNOW SUV,23910,245/45R20 103H XL XICESNOW SUV,,$0.00,$314.60
MICHELIN,LA SPORT 3,25771,245/45R20 103W XL LS 3 ZP *G,,$0.00,$335.40
MICHELIN,XISNOW SUV,76974,245/45R21 104H XICESNOW SUV,,$0.00,$308.10
MICHELIN,CRSCLMT2AW,31007,245/45R21 104V XL CRSCLMT2 A/W,,$0.00,$254.15
MICHELIN,PS4 SUV,07493,245/45R21 104W XL PS4 SUV,,$0.00,$369.85
MICHELIN,CRSCLMT2AW,36113,245/50R19 105V XL CRSCLMT2 A/W,,$0.00,$208.65
MICHELIN,PA5 SUV,24629,245/50R19 105V XL PA5 SUV ZP *,,$0.00,$287.30
MICHELIN,LA SPORT 3,42717,245/50R19 105W XL LS 3 ZP*GRNX,,$0.00,$297.70
MICHELIN,PS4 SUV,86594,245/50R19 105W XL PS4 SUV *,,$0.00,$239.20
MICHELIN,PRIMACYLTX,64338,245/50R20 102V PRIMACYLTX,,$0.00,$213.85
MICHELIN,PRIMTOURAS,41639,245/50R20 102V PRIMTOURAS,,$0.00,$215.15
MICHELIN,PRIMTOURAS,59787,245/50R20 102V PRIMTOURAS DT,,$0.00,$209.95
MICHELIN,PS4 SUV,16903,245/50R20 102V PS4 SUV,,$0.00,$232.70
MICHELIN,XISNOW SUV,30821,245/50R20 105TXL XICESNOW SUV,,$0.00,$222.95
MICHELIN,CRSCLMT2AW,09926,245/55R18 103V CROSSCLIMTE2A/W,,$0.00,$194.35
MICHELIN,XISNOW SUV,64235,245/55R19 103H X-ICE SNOW SUV,,$0.00,$213.85
MICHELIN,LATTOURHP,98018,245/60R18 105H LATTOURHP GRX,,$0.00,$203.45
MICHELIN,PRIMTOURAS,67185,245/60R18 105H PRIMTOURAS,,$0.00,$200.20
MICHELIN,LATTOURHP,43880,245/60R18 105V LATTOURHP GR,,$0.00,$210.60
MICHELIN,XISNOW SUV,52090,245/60R18/XL 105T XICESNOW SUV,,$0.00,$178.75
MICHELIN,DEFLTX MS2,25904,245/60R20 111H XL DEF LTX M/S2,,$0.00,$225.55
MICHELIN,CRSCLMT2AW,08401,245/65R17 107H CROSSCLIMTE2A/W,,$0.00,$194.35
MICHELIN,DFNDRLTXMS,20563,245/65R17 107T DFNDRLTXMS MTP,,$0.00,$202.80
MICHELIN,LA SPORT 3,59926,245/65R17 111H XL LS3 MO-V,,$0.00,$209.30
MICHELIN,XISNOW SUV,14276,245/65R17/XL 111T XICESNOW SUV,,$0.00,$184.60
MICHELIN,DFNDRLTXMS,10031,245/70R16 107TDFNDRLTXMSOWLMTP,,$0.00,$202.15
MICHELIN,PRIMACYLTX,18347,245/70R17 110T PRIMACYLTX UTQG,,$0.00,$158.60
MICHELIN,XISNOW SUV,32603,245/70R17 110T X-ICE SNOW SUV,,$0.00,$156.00
MICHELIN,DEFLTX MS2,00546,245/70R17 114T XL DEF LTX M/S2,,$0.00,$207.35
MICHELIN,DFNDRLTXMS,94262,245/75R16 111T DFNDRLTXMS MTP,,$0.00,$203.45
MICHELIN,DEFLTX MS2,91777,245/75R17 116T XL DEF LTX M/S2,,$0.00,$261.95
MICHELIN,DEFLTX MS2,57912,245/75R18 115TXL DEF LTX M/S 2,,$0.00,$212.55
MICHELIN,PA5 SUV,02626,255/35R22 99WXL PA5 SUV K1 RG,,$0.00,$390.65
MICHELIN,CRSCLMT2AW,61274,255/40R20 101WXL CCLIM2 AW,,$0.00,$271.70
MICHELIN,XISNOW SUV,60001,255/40R21 102H XICESNOW SUV,,$0.00,$319.15
MICHELIN,CRSCLMT2AW,03271,255/40R21 102V XL CRSCLMT2 A/W,,$0.00,$254.15
MICHELIN,PS4 SUV,02372,255/40R21 102Y XL PS4 SUV,,$0.00,$411.45
MICHELIN,PS4 SUV,23507,255/40R21 102Y XL PS4 SUV MO,,$0.00,$389.35
MICHELIN,PS4 SUV,29957,255/40R21 102YXL PS4SUV A AO,,$0.00,$360.75
MICHELIN,PS4 SUV,08510,255/40R21 102YXLPS4SUVAAO1CPJ,,$0.00,$360.75
MICHELIN,CRSCLMT2AW,23187,255/45R19 104V XL CRSCLMT2 A/W,,$0.00,$235.95
MICHELIN,XISNOW SUV,02499,255/45R20 105T XL XICESNOW SUV,,$0.00,$320.45
MICHELIN,CRSCLMT2AW,30754,255/45R20 105V XL CRSCLMTE2A/W,,$0.00,$234.65
MICHELIN,DEFENDER2,76252,255/45R20 105V XL DEFENDER2 MI,,$0.00,$242.45
MICHELIN,LA SPORT 3,18910,255/45R20 105V XL LS3 A VOL,,$0.00,$269.10
MICHELIN,PA5 SUV,11742,255/45R20 105V XLTL PA5 SUV *,,$0.00,$293.80
MICHELIN,PA5 SUV,97859,255/45R20 105VXL PA5 SUV AO,,$0.00,$305.50
MICHELIN,PS4 SUV,31435,255/45R20 105W XL PS4 SUV AO,,$0.00,$328.25
MICHELIN,PS4 SUV,57716,255/45R20 105W XL PS4 SUV MO,,$0.00,$303.55
MICHELIN,PS4 SUV,15799,255/45R20 105W XL PS4SUVAO1CPJ,,$0.00,$328.25
MICHELIN,CRCLIM2SUV,65444,255/45R20 105W XLCRCM2SUVMGT,,$0.00,$241.15
MICHELIN,PS4 SUV,23068,255/45R20 105WXL PS4 SUV AR.MI,,$0.00,$303.55
MICHELIN,PS4 SUV,31053,255/45R20 105Y XL PS4 SUV,,$0.00,$317.20
MICHELIN,PA5 SUV,46475,255/45R20 XL 105V PA5 SUV MO,,$0.00,$293.80
MICHELIN,XISNOW SUV,02995,255/45R21 106H XICESNOW SUV,,$0.00,$338.65
MICHELIN,PA5 SUV,17253,255/45R21 106VXL PA5 SUV NE0,,$0.00,$285.35
MICHELIN,XISNOW SUV,33261,255/45R22 107H XICESNOW SUV,,$0.00,$357.50
MICHELIN,CRSCLMT2AW,00671,255/45R22 107V XL CCT2 AW MI,,$0.00,$356.20
MICHELIN,LA SPORT 3,27353,255/45ZR20 105Y XL LS 3 MOGR,,$0.00,$271.05
MICHELIN,LATTOURHP,37853,255/50R19 103V LATTOURHP N0GNX,,$0.00,$250.90
MICHELIN,LA SPORT 3,67256,255/50R19 103Y LAT SPORT 3 N0,,$0.00,$252.20
MICHELIN,DEFENDER2,80655,255/50R19 107H XL DEFENDER2 MI,,$0.00,$220.35
MICHELIN,PRIMTOURAS,27822,255/50R19 107H XL PRIMTOURASMO,,$0.00,$264.55
MICHELIN,LATTOURHP,09483,255/50R19 107HXLLATRHPZP*DTCCC,,$0.00,$249.60
MICHELIN,LAT ALPIN2,98081,255/50R19 107V XL LA2 N0 GRNX,,$0.00,$293.15
MICHELIN,LA SPORT 3,14025,255/50R19 107W XL LS 3 MO GRNX,,$0.00,$249.60
MICHELIN,PS4 SUV,39750,255/50R19 107Y XL PS4 SUV,,$0.00,$241.80
MICHELIN,XISNOW SUV,37591,255/50R19/XL 107H XICESNOW SUV,,$0.00,$235.30
MICHELIN,PRIMACY AS,69371,255/50R20 105H PRIMACY AS,,$0.00,$226.85
MICHELIN,DEFENDER2,73724,255/50R20 109H XL DEFENDER2 MI,,$0.00,$223.60
MICHELIN,CRSCLMT2AW,92056,255/50R20 109V XL CRSCLMT2 A/W,,$0.00,$232.05
MICHELIN,LATTOURHP,94455,255/50R20 109WXLTL LATTOURHP G,,$0.00,$230.10
MICHELIN,PS4 SUV,59229,255/50R20 109Y XL PS4 SUV MI,,$0.00,$282.75
MICHELIN,XISNOW SUV,37485,255/50R20/XL 109T XICESNOW SUV,,$0.00,$213.85
MICHELIN,X-ICE SNOW,35998,255/50R21 109H XICESNOW,,$0.00,$354.90
MICHELIN,PA5 SUV,44190,255/50R21109H XL PA5 SUV * MI,,$0.00,$271.05
MICHELIN,LA SPORT 3,73712,255/55 R18 105W LTSPT 3 N1 MI,,$0.00,$260.65
MICHELIN,DFNDRLTXMS,98045,255/55R18 109H XL DFNDRLTXMS,,$0.00,$216.45
MICHELIN,LAT ALPIN2,12602,255/55R18 109V XL LA2 N0 GRNX,,$0.00,$210.60
MICHELIN,LAT SPORT,37580,255/55R18 109Y XL LAT SPORTN1,,$0.00,$237.90
MICHELIN,PS4 SUV,36740,255/55R18 109Y XL PS4 SUV,,$0.00,$218.40
MICHELIN,XISNOW SUV,00998,255/55R18/XL 109T XICESNOW SUV,,$0.00,$209.95
MICHELIN,LA SPORT 3,98364,255/55R18109VXL LA SPORT 3 ZP*,,$0.00,$306.80
MICHELIN,XISNOW SUV,86670,255/55R19 111T XL XISNOW SUV,,$0.00,$258.05
MICHELIN,CRSCLMT2AW,67231,255/55R19 111V XL CRSCLMT2 A/W,,$0.00,$215.15
MICHELIN,PA5 SUV,45873,255/55R19 111V XL PA5 SUV N0,,$0.00,$267.80
MICHELIN,PS4 SUV,33611,255/55R19 111Y XL PS4 SUV,,$0.00,$252.20
MICHELIN,DEFENDER2,37788,255/55R20 110H XL DEFENDER2 MI,,$0.00,$220.35
MICHELIN,CRSCLMT2AW,57244,255/55R20 110V XL CRSCLMT2 A/W,,$0.00,$230.10
MICHELIN,PRIMACY AS,92446,255/55R20 110V XLPRIMACY AS,,$0.00,$221.65
MICHELIN,PS4 SUV,51598,255/55R20 110Y XL PS4 SUV MI,,$0.00,$266.50
MICHELIN,XISNOW SUV,09091,255/55R20/XL 110T XICESNOW SUV,,$0.00,$231.40
MICHELIN,LA SPORT 3,95712,255/55ZR19(111Y)XL LS 3 N0GRNX,,$0.00,$225.55
MICHELIN,XISNOW SUV,28735,255/60R18 112T XL XICESNOW SUV,,$0.00,$194.35
MICHELIN,CRSCLMT2AW,92640,255/60R18 112V XL CRSCLMT2 A/W,,$0.00,$207.35
MICHELIN,PS4 SUV,68420,255/60R18 112W XL PS4 SUV,,$0.00,$187.20
MICHELIN,CRSCLMT2AW,52171,255/60R19 109H CRSCLMT2 A/W,,$0.00,$212.55
MICHELIN,DEFENDER2,52913,255/60R19 109H DEFENDER2 MI,,$0.00,$205.40
MICHELIN,XISNOW SUV,54532,255/60R19/XL 113T XICESNOW SUV,,$0.00,$219.70
MICHELIN,DEFLTX MS2,37899,255/60R20 113H XL DEF LTX M/S2,,$0.00,$246.35
MICHELIN,LATTOURHP,38495,255/60R20 113V XL LATTOURHP,,$0.00,$254.15
MICHELIN,XISNOW SUV,13104,255/65R17 110T X-ICE SNOW SUV,,$0.00,$200.20
MICHELIN,DEFLTX MS2,11623,255/65R17 114T XL DEF LTX M/S2,,$0.00,$205.40
MICHELIN,CRSCLMT2AW,90299,255/65R18 111H CRSCLMT2 A/W,,$0.00,$205.40
MICHELIN,DEFENDER2,03893,255/65R18 111H DEFENDER2 MI,,$0.00,$196.95
MICHELIN,XISNOW SUV,59173,255/65R18 111T X-ICE SNOW SUV,,$0.00,$201.50
MICHELIN,DEFLTX MS2,16118,255/65R19 114H XL DEF LTX M/S2,,$0.00,$213.20
MICHELIN,XISNOW SUV,70587,255/65R19 114HXL XICESW SUV R,,$0.00,$259.35
MICHELIN,DEFLTX MS2,10581,255/70R16115TXLDEFLTXM/S2 ORWL,,$0.00,$189.15
MICHELIN,DEFLTX MS2,59350,255/70R17 116T XL DEF LTX M/S2,,$0.00,$225.55
MICHELIN,DEFLTX MS2,03101,255/70R18 116T XL DEF LTX M/S2,,$0.00,$215.15
MICHELIN,LATTOURHP,31840,255/70R18 116V XL LATTOURHP LR,,$0.00,$205.40
MICHELIN,XISNOW SUV,22685,255/70R18/XL 116T XICESNOW SUV,,$0.00,$205.40
MICHELIN,DFNDRLTXMS,09260,255/75R17 115T DFNDRLTXMS MTP,,$0.00,$206.05
MICHELIN,DEFLTX MS2,36845,255/75R17 116T XL DEF LTX M/S2,,$0.00,$206.05
MICHELIN,PILSPOR4S,75274,265/35ZR21(101Y)XL PS4S MO1 A,,$0.00,$380.90
MICHELIN,LA SPORT 3,88610,265/40R21 101Y LATSPORT 3 N0,,$0.00,$343.85
MICHELIN,LA SPORT 3,32592,265/40R21 101Y LS3 N2 GRNX,,$0.00,$343.85
MICHELIN,XISNOW SUV,10973,265/40R21 105H XICESNOW SUV,,$0.00,$352.30
MICHELIN,CRSCLMT2AW,92075,265/40R21 105V XL CRSCLMT2 A/W,,$0.00,$318.50
MICHELIN,PS4 SUV,20817,265/40R21 105Y XL PS4 SUV,,$0.00,$360.75
MICHELIN,XISNOW SUV,13202,265/40R22 106TXL XICE SNOW SUV,,$0.00,$394.55
MICHELIN,PS4 SUV,58352,265/40ZR21 (105Y)XL PS4SUV MO1,,$0.00,$375.70
MICHELIN,LATTOURHP,91214,265/45R20 104V LATTOURHP N0 GX,,$0.00,$353.60
MICHELIN,PA5 SUV,32018,265/45R20 104V PA5 SUV N0 MI,,$0.00,$299.00
MICHELIN,LA SPORT 3,29399,265/45R20 104Y LA SPORT 3 N0,,$0.00,$328.25
MICHELIN,CRSCLMT2AW,08932,265/45R20 108V XL CRSCLMT2 A/W,,$0.00,$252.85
MICHELIN,PA5 SUV,52381,265/45R20 108V XL PA5 SUV MO1,,$0.00,$305.50
MICHELIN,PS4 SUV,39056,265/45R20 108Y XL PS4 SUV,,$0.00,$366.60
MICHELIN,XISNOW SUV,20842,265/45R20/XL 108T XICESNOW SUV,,$0.00,$261.95
MICHELIN,LATTOURHP,59682,265/45R21 104W LATTOURHP JLR,,$0.00,$339.30
MICHELIN,LATTOURHP,42045,265/45R21 104W LATTR HP SF JLR,,$0.00,$351.00
MICHELIN,XISNOW SUV,47356,265/45R21 108T XL XICESNOW SUV,,$0.00,$370.50
MICHELIN,CRSCLMT2AW,97084,265/45R21 108V XL CRSCLMT2 A/W,,$0.00,$326.95
MICHELIN,PRIMTOURAS,79219,265/45R21 108VXL PRIMTOURASPOL,,$0.00,$360.75
MICHELIN,PRIMTOURAS,03490,265/45R21 108VXLPRIMTOURAS VOL,,$0.00,$348.40
MICHELIN,PA5 SUV,05747,265/50R19 110H XL PA5 SUV ZP*,,$0.00,$319.15
MICHELIN,XISNOW SUV,30820,265/50R19 110H XL XICESNOW SUV,,$0.00,$230.10
MICHELIN,CRSCLMT2AW,70977,265/50R19 110V XL CRSCLMT2 A/W,,$0.00,$250.25
MICHELIN,LA SPORT 3,31529,265/50R19 110W XL LS3 ZP *GR,,$0.00,$258.05
MICHELIN,LA SPORT 3,38082,265/50R19 110Y XL LTSPT3 N1 MI,,$0.00,$274.95
MICHELIN,PS4 SUV,07016,265/50R19 110Y XL PS4 SUV,,$0.00,$230.75
MICHELIN,PS4 SUV,95554,265/50R20 107V PS4 SUV,,$0.00,$227.50
MICHELIN,DEFLTX MS2,55522,265/50R20 111H XL DEF LTX M/S2,,$0.00,$234.65
MICHELIN,CRSCLMT2AW,74642,265/50R20 111V XL CRSCLMT2 A/W,,$0.00,$234.65
MICHELIN,PS4 SUV,03266,265/50R20 111W XL PS4 SUV GOE,,$0.00,$249.60
MICHELIN,XISNOW SUV,84256,265/50R20/XL 111T XICESNOW SUV,,$0.00,$230.10
MICHELIN,DEFLTX MS2,74839,265/50R22 112H XL DEF LTX M/S2,,$0.00,$290.55
MICHELIN,DEFLTX MS2,06909,265/55R19 113H XL DEF LTX M/S2,,$0.00,$242.45
MICHELIN,XISNOW SUV,31568,265/55R19 113T XL XISNOW SUV,,$0.00,$254.15
MICHELIN,CRSCLMT2AW,61256,265/55R19 113V XL CRSCLMTE2 AW,,$0.00,$263.25
MICHELIN,PS4 SUV,49166,265/55R19 113Y XL PS4 SUV,,$0.00,$210.60
MICHELIN,DEFLTX MS2,56111,265/55R20 113H XL DEF LTX M/S2,,$0.00,$230.10
MICHELIN,PRIMACY XC,21293,265/60R18 110H PRIMACY XC,,$0.00,$196.95
MICHELIN,PRIMACYLTX,08915,265/60R18 110H PRIMACYLTX,,$0.00,$187.20
MICHELIN,XISNOW SUV,94624,265/60R18 110T X-ICE SNOW SUV,,$0.00,$191.10
MICHELIN,CRSCLMT2AW,46728,265/60R18 110V CRSCLMT2 A/W,,$0.00,$213.85
MICHELIN,PS4 SUV,62343,265/60R18 110V PS4 SUV,,$0.00,$226.85
MICHELIN,DEFLTX MS2,01121,265/60R18 114H XL DEF LTX M/S2,,$0.00,$217.75
MICHELIN,DEFLTX MS2,20062,265/60R20 115H XL DEF LTX M/S2,,$0.00,$242.45
MICHELIN,LTX AT2,97614,265/65R17 112S LTX AT2 ORWL,,$0.00,$232.05
MICHELIN,PRIMACYLTX,09923,265/65R17 112T PRIMACYLTX,,$0.00,$232.70
MICHELIN,XISNOW SUV,12406,265/65R17 112T X-ICE SNOW SUV,,$0.00,$221.00
MICHELIN,DEFLTX MS2,51486,265/65R17 116T XL DEF LTX M/S2,,$0.00,$230.10
MICHELIN,PRIMACYLTX,79087,265/65R18 114T PCYLTX TPCDT1_B,,$0.00,$204.75
MICHELIN,PRIMACYLTX,28346,265/65R18 114T PRIMACY LTX,,$0.00,$200.20
MICHELIN,PRIMACYLTX,01582,265/65R18 114T PRIMACYLTXTPDT2,,$0.00,$200.20
MICHELIN,XISNOW SUV,22508,265/65R18 114T X-ICE SNOW SUV,,$0.00,$220.35
MICHELIN,DEFLTX MS2,92862,265/65R18 116T XL DEF LTX M/S2,,$0.00,$218.40
MICHELIN,XISNOW SUV,45827,265/70R16 112T X-ICE SNOW SUV,,$0.00,$185.25
MICHELIN,DEFLTX MS2,93928,265/70R16 116TXLDEFLTXM/S2ORWL,,$0.00,$212.55
MICHELIN,XISNOW SUV,12445,265/70R17 115T X-ICE SNOW SUV,,$0.00,$182.00
MICHELIN,DEFLTX MS2,21308,265/70R17116TXLDEFLTXM/S2 ORWL,,$0.00,$208.65
MICHELIN,LTXTRAIL,24430,265/70R18 116S TL LTX TRAIL MI,,$0.00,$196.95
MICHELIN,LTXTRAIL,55288,265/70R18 116T LTXTRAIL MI,,$0.00,$196.95
MICHELIN,XISNOW SUV,02766,265/70R18 116T X-ICE SNOW SUV,,$0.00,$225.55
MICHELIN,DEFLTX MS2,69047,265/70R18 116T XL DEF LTX M/S2,,$0.00,$217.75
MICHELIN,DFNDRLTXMS,99123,265/75R16 116TDFNDRLTXMSOWLMTP,,$0.00,$217.75
MICHELIN,CRSCLMT2AW,74890,275/35R20 102W XL CRSCLMTE2 AW,,$0.00,$230.10
MICHELIN,PS4 SUV,02561,275/35R22 104Y XL PS4 SUV,,$0.00,$373.75
MICHELIN,PS4 SUV,26404,275/35R22 104YXL PS4 SUV MI,,$0.00,$419.90
MICHELIN,X-ICE SNOW,03981,275/40R19 105H XL XICE SNOW,,$0.00,$310.05
MICHELIN,CRSCLMT2AW,38428,275/40R19 105V XL CRSCLMTE2 AW,,$0.00,$252.85
MICHELIN,LAT ALPIN2,64866,275/40R20 106V XL LA2 N0 GRNX,,$0.00,$332.15
MICHELIN,LA SPORT 3,08033,275/40R20 106W XLLS 3 ZP *G,,$0.00,$297.05
MICHELIN,PS4 SUV,76155,275/40R20 106Y XL PS4 SUV MI,,$0.00,$355.55
MICHELIN,XISNOW SUV,18767,275/40R20/XL 106H XICESNOW SUV,,$0.00,$284.70
MICHELIN,XISNOW SUV,21487,275/40R21 107H XICESNOW SUV,,$0.00,$369.85
MICHELIN,CRSCLMT2AW,33925,275/40R21 107V XL CRSCLMT2 A/W,,$0.00,$318.50
MICHELIN,PA5 SUV,27014,275/40R21 107V XL PA5 SUV N0,,$0.00,$418.60
MICHELIN,PS4 SUV,20732,275/40R21 107Y XL PS4SUVZP*FRV,,$0.00,$388.05
MICHELIN,PS4 SUV,12514,275/40R22 107Y XL PS4 SUV ZP,,$0.00,$384.15
MICHELIN,XISNOW SUV,05906,275/40R22 108HXL XICESNWSUV MI,,$0.00,$411.45
MICHELIN,CRSCLMT2AW,59847,275/40R22 108V XL CRSCLMTE2 AW,,$0.00,$308.10
MICHELIN,PS4 SUV,24663,275/40R22 108Y XL PS4 SUV,,$0.00,$386.75
MICHELIN,LATTOURHP,04493,275/45R19 108V XL N0 LATTOU,,$0.00,$297.70
MICHELIN,CRSCLMT2AW,18856,275/45R20 110V XL CRSCLMT2 A/W,,$0.00,$259.35
MICHELIN,LA SPORT 3,21574,275/45R20 110V XL LS3 A VOL,,$0.00,$290.55
MICHELIN,PA5 SUV,23659,275/45R20 110V XL PA5 SUV N0,,$0.00,$317.20
MICHELIN,PA5 SUV,22141,275/45R20 110V XL PA5SUVZP*CCC,,$0.00,$377.65
MICHELIN,PS4 SUV,65176,275/45R20 110V XL PS4 SUV VOL,,$0.00,$267.15
MICHELIN,PS4 SUV,35626,275/45R20 110Y XL PS4 SUV,,$0.00,$282.75
MICHELIN,LAT SPORT,39661,275/45R20 110Y XLLAT SPORTN0MI,,$0.00,$471.25
MICHELIN,XISNOW SUV,12778,275/45R20/XL 110T XICESNOW SUV,,$0.00,$276.25
MICHELIN,PRIMTOURAS,30098,275/45R21 107H PRIMTOURAS MO,,$0.00,$290.55
MICHELIN,LA SPORT 3,12726,275/45R21 107Y LA SPRT3 AMO-SG,,$0.00,$321.75
MICHELIN,LA SPORT 3,36160,275/45R21 107Y LS 3 MO GRNX,,$0.00,$344.50
MICHELIN,XISNOW SUV,10620,275/45R21 110T XL XICESNOW SUV,,$0.00,$395.20
MICHELIN,CRSCLMT2AW,59733,275/45R21 110V XL CRSCLMTE2 AW,,$0.00,$304.20
MICHELIN,PS4 SUV,12359,275/45R21 110Y XL PS4 SUV MI,,$0.00,$366.60
MICHELIN,DEFLTX MS2,12872,275/45R22 112H XL DEF LTX M/S2,,$0.00,$274.95
MICHELIN,XISNOW SUV,03015,275/45R22 112T XL XICESNOW SUV,,$0.00,$419.25
MICHELIN,PS4 SUV,19709,275/45ZR21 110Y XL PS4 SUV MO1,,$0.00,$401.70
MICHELIN,PA5 SUV,95454,275/50R19 112V XL PA5 SUV N0,,$0.00,$269.10
MICHELIN,PRIMTOURAS,50726,275/50R20 109H PRIMTOURAS MO,,$0.00,$245.70
MICHELIN,XISNOW SUV,03451,275/50R20 113T XL XICESNOW SUV,,$0.00,$267.80
MICHELIN,CRSCLMT2AW,81080,275/50R20 113V XL CRSCLMT2 A/W,,$0.00,$253.50
MICHELIN,PA5 SUV,54724,275/50R20 113V XL PA5 SUV MO1,,$0.00,$333.45
MICHELIN,PA5 SUV,21209,275/50R20 XL 113V PA5SUV MO,,$0.00,$435.50
MICHELIN,XISNOW SUV,17140,275/50R21 113H XICESNOW SUV,,$0.00,$373.75
MICHELIN,DEFLTX MS2,19536,275/50R21 113H XL DEF LTX M/S2,,$0.00,$274.95
MICHELIN,PS4 SUV,30939,275/50R21 113V XL PS4 SUV,,$0.00,$377.00
MICHELIN,DEFLTX MS2,38984,275/50R22 115H XL DEF LTX M/S2,,$0.00,$263.90
MICHELIN,PRIMACYLTX,21032,275/50R22 115H XL PRIMACYLTX,,$0.00,$252.85
MICHELIN,XISNOW SUV,27532,275/50R22 115HXL XICE SNOW SUV,,$0.00,$270.40
MICHELIN,LA SPORT 3,31951,275/50ZR19(112Y)XL LS 3 N0 GRN,,$0.00,$317.85
MICHELIN,PS4 SUV,38287,275/50ZR20 113Y XL PS4 SUV MO1,,$0.00,$332.80
MICHELIN,CROSCLISUV,34499,275/55R19 111V CROSCLISUV MO,,$0.00,$263.25
MICHELIN,LTX M/S 2,29059,275/55R20 113H LTX M/S2 CCC,,$0.00,$223.60
MICHELIN,LTX AT2,21011,275/55R20 113T TL LTX AT2 MI,,$0.00,$235.30
MICHELIN,XISNOW SUV,14422,275/55R20 113T X-ICE SNOW SUV,,$0.00,$243.10
MICHELIN,DEFLTX MS2,04085,275/55R20 117T XL DEFLTX MS2,,$0.00,$225.55
MICHELIN,DEFLTX MS2,43596,275/55R21 116H XL DEF LTX M/S2,,$0.00,$287.30
MICHELIN,DFNDRLTXMS,05396,275/60R18 113H DFNDRLTXMS MTP,,$0.00,$209.30
MICHELIN,DEFLTX MS2,13647,275/60R20 116H XL DEF LTX M/S2,,$0.00,$238.55
MICHELIN,XISNOW SUV,05122,275/60R20/XL 115T XICESNOW SUV,,$0.00,$230.75
MICHELIN,PRIMACY XC,73594,275/65R18 116T PRIMACY XC,,$0.00,$237.90
MICHELIN,XISNOW SUV,32012,275/65R18 116T X-ICE SNOW SUV,,$0.00,$232.70
MICHELIN,DEFLTX MS2,09590,275/65R18 116T XL DEF LTX M/S2,,$0.00,$230.75
MICHELIN,DEFLTX MS2,47998,275/65R20 116H XL DEF LTX M/S2,,$0.00,$263.25
MICHELIN,DFNDRLTXMS,21974,275/70R16 114H DFNDRLTXMS MTP,,$0.00,$225.55
MICHELIN,CRSCLMT2AW,17745,285/40R20 108V XL CRSCLMT2 A/W,,$0.00,$312.00
MICHELIN,XISNOW SUV,23499,285/40R21 109H XICESNOW SUV,,$0.00,$380.90
MICHELIN,PA5 SUV,24389,285/40R21 109VXL PA5 SUV NE0,,$0.00,$390.65
MICHELIN,PS4 SUV,38645,285/40R21 109Y XL PS4 SUV,,$0.00,$395.20
MICHELIN,XISNOW SUV,26574,285/40R22 110HXL XICSNW SUVRG,,$0.00,$455.65
MICHELIN,CRSCLMT2AW,91725,285/40R22 110W XL CRSCLMTE2 AW,,$0.00,$361.40
MICHELIN,DEFLTX MS2,61041,285/40R24 112H XL DEF LTX M/S2,,$0.00,$292.50
MICHELIN,LA SPORT 3,47718,285/40ZR20 108Y XL LS 3 MOGR,,$0.00,$355.55
MICHELIN,CRSCLMT2AW,12199,285/45R20 112V XL CRSCLMT2 A/W,,$0.00,$287.30
MICHELIN,PA5 SUV,99236,285/45R20 112VXL PA5 SUV NE0,,$0.00,$333.45
MICHELIN,PS4 SUV,40571,285/45R20 112Y XL PS4 SUV MI,,$0.00,$317.20
MICHELIN,XISNOW SUV,26655,285/45R21 113H XICESNOW SUV,,$0.00,$384.15
MICHELIN,CRSCLMT2AW,69136,285/45R21 113V XL CCT2 AW MI,,$0.00,$312.00
MICHELIN,LAT CROSS,47604,285/45R21 113W XL LATCROSS MO1,,$0.00,$496.60
MICHELIN,PS4 SUV,21565,285/45R21 113Y XL PS4 SUV,,$0.00,$523.25
MICHELIN,CRSCLMT2AW,05254,285/45R22 114H XL CRSCLMT2AW,,$0.00,$279.50
MICHELIN,PS4 SUV,12706,285/45R22 114Y XL PS4 SUV,,$0.00,$276.25
MICHELIN,XISNOW SUV,45135,285/45R22/XL 114T XICESNOW SUV,,$0.00,$304.20
MICHELIN,DEFLTX MS2,44941,285/45R22114HXLDEFENDERLTXM/S2,,$0.00,$274.95
MICHELIN,DEFLTX MS2,69897,285/50R20 116H XL DEF LTX M/S2,,$0.00,$238.55
MICHELIN,XISNOW SUV,24469,285/50R20 116T XL XICESNOW SUV,,$0.00,$247.00
MICHELIN,PS4 SUV,02197,285/50R20 116W XL PS4 SUV,,$0.00,$273.65
MICHELIN,DEFLTX MS2,40597,285/55R20 116T XL DEF LTX M/S2,,$0.00,$259.35
MICHELIN,DEFLTX MS2,50305,285/60R18 120H XL DEF LTX M/S2,,$0.00,$250.90
MICHELIN,DEFLTX MS2,49085,285/65R18 116T XL DEF LTX M/S2,,$0.00,$283.40
MICHELIN,LA SPORT 3,65582,295/35R21 103Y LA SPORT 3 N0,,$0.00,$321.10
MICHELIN,LA SPORT 3,40211,295/35R21 103Y LS3 N2 GRNX,,$0.00,$321.75
MICHELIN,PA5 SUV,75271,295/35R21 107V XL PA5 SUV *,,$0.00,$364.65
MICHELIN,PS4 SUV,02352,295/35R21 107Y XL PS4 SUV,,$0.00,$342.55
MICHELIN,LAT SPORT,73118,295/35R21 107Y XLLAT SPORTN1MI,,$0.00,$339.30
MICHELIN,LA SPORT 3,65637,295/35R21 107YXL LA SPORT3 N1,,$0.00,$314.60
MICHELIN,XISNOW SUV,75368,295/35R22 108HXL XICESW SUV RG,,$0.00,$326.95
MICHELIN,PS4 SUV,89284,295/35R23 108Y XL PS4 SUV,,$0.00,$427.05
MICHELIN,LA SPORT 3,17456,295/35ZR21 107Y XLTL LS 3 MOGR,,$0.00,$339.30
MICHELIN,LATTOURHP,38951,295/40R20 106V LATTOURHP N0 GX,,$0.00,$343.85
MICHELIN,PA5 SUV,63089,295/40R20 106V PA5 SUV N0,,$0.00,$359.45
MICHELIN,LA SPORT 3,45486,295/40R20 106Y LA SPORT 3 N0,,$0.00,$305.50
MICHELIN,XISNOW SUV,10910,295/40R20 110T XL XICESNOW SUV,,$0.00,$372.45
MICHELIN,PS4 SUV,96128,295/40R20 110Y XL PS4 SUV,,$0.00,$358.80
MICHELIN,XISNOW SUV,77169,295/40R21 111H XICESNOW SUV,,$0.00,$411.45
MICHELIN,PRIMTOURAS,79367,295/40R21 111VXL PRIMTOURASPOL,,$0.00,$380.90
MICHELIN,PS4 SUV,34883,295/40R21 111Y XL PS4 SUV M,,$0.00,$365.95
MICHELIN,PS4 SUV,37505,295/40R22 112Y XL PS4 SUV,,$0.00,$405.60
MICHELIN,DEFLTX MS2,16709,295/50R22 116H XL DEF LTX M/S2,,$0.00,$410.80
MICHELIN,PA5 SUV,70583,305/35R21 109V XL PA5 SUV N0,,$0.00,$445.90
MICHELIN,PA5 SUV,14060,305/40R20 112V XL PA5 SUV N0,,$0.00,$350.35
MICHELIN,PS4 SUV,17219,305/40R20 112Y XL PS4 SUV,,$0.00,$408.85
MICHELIN,XISNOW SUV,34688,305/40R20/XL 112T XICESNOW SUV,,$0.00,$369.20
MICHELIN,PA5 SUV,49167,305/40R21 113VXL PA5 SUV NC0RG,,$0.00,$508.95
MICHELIN,DEFLTX MS2,85293,305/40R22 114H XL DEF LTX M/S2,,$0.00,$274.95
MICHELIN,DEFLTX MS2,34799,305/45R22 118H XL DEF LTX M/S2,,$0.00,$274.95
MICHELIN,DEFLTX MS2,73650,305/50R20 120H XL DEF LTX M/S2,,$0.00,$303.55
MICHELIN,PS4 SUV,49268,315/30R22 107YXL PS4 SUV FRV,,$0.00,$514.80
MICHELIN,PA5 SUV,81726,315/30R23 108WXL PA5 SUV K1 RG,,$0.00,$620.10
MICHELIN,PS4 SUV,56577,315/35R21 111Y XL PS4 SUV,,$0.00,$490.75
MICHELIN,PS4 SUV,41103,315/35R21 111Y XL PS4SUVZP*FRV,,$0.00,$452.40
MICHELIN,PS4 SUV,11800,315/35R22 111Y XL PS4 SUV ZP,,$0.00,$477.75
MICHELIN,PRIMTOURAS,57260,315/40R21 111H PRIMTOURAS MO,,$0.00,$303.55
MICHELIN,LA SPORT 3,60092,315/40R21 111Y LA SPRT3 AMO-SG,,$0.00,$384.15
MICHELIN,LA SPORT 3,05044,315/40R21 111Y LS 3 MO GRNX,,$0.00,$358.15
MICHELIN,PS4 SUV,37033,315/40ZR21 115Y XL PS4 SUV MO1,,$0.00,$352.30
MICHELIN,DFNDRLTXMS,70511,31X10.5R15109RDFRLTXMSLRCORMTP,C,$0.00,$196.95
MICHELIN,PS4 SUV,30345,325/40R22 114Y PS4 SUV MI,,$0.00,$336.05
MICHELIN,PS4 SUV,18400,335/30R23 111Y XL PS4 SUV,,$0.00,$436.80
MICHELIN,DEFLTX MS2,19443,35X12.50R20LT 125S DEFLTX MS2,F,$1.32,$364.65
MICHELIN,DEFLTX MS2,45795,35X12.50R22LT 121S DEFLTX MS2,F,$0.00,$410.80
MICHELIN,PS4 SUV,65389,HL275/35R23 108YXLPS4 SUV FRV,,$0.00,$462.80
MICHELIN,PS4 SUV,16924,HL315/30 R23 111YXL PS4 SUV MI,,$0.00,$578.50
MICHELIN,AGILISCC2,78388,LT215/85R16 115/112R AGILISCC2,E,$0.00,$181.35
MICHELIN,AGILISCC2,84328,LT225/75R16 115/112R AGILISCC2,E,$0.00,$187.20
MICHELIN,DFNDRLTXMS,63361,LT225/75R17116/113RDFNDRLTXLRE,E,$0.00,$213.85
MICHELIN,AGILISCC2,66206,LT235/80R17 120/117R AGILISCC2,E,$0.00,$228.15
MICHELIN,LTX AT2,35847,LT235/80R17120/117R LTX AT2LRE,E,$0.00,$293.15
MICHELIN,ENRGYSVRAS,78923,LT235/80R17120/117RESLREECER54,E,$0.00,$247.00
MICHELIN,PRIMACY XC,48686,LT235/80R17120/117RPRIMYXCLRE,E,$0.00,$260.00
MICHELIN,AGILISCC2,41778,LT235/80R18 121/118R AGILISCC2,E,$0.00,$248.30
MICHELIN,PRIMACY XC,34418,LT235/80R18121/118RPRIXCLRETPC,E,$0.00,$274.95
MICHELIN,AGILISCC2,83464,LT235/85R16120/116R AGILISCC2,E,$0.00,$188.50
MICHELIN,AGILISCC2,49510,LT245/70R17 119/116R AGILISCC2,E,$0.00,$219.70
MICHELIN,AGILISCC2,36935,LT245/75R16 120/116R AGILISCC2,E,$0.00,$187.85
MICHELIN,AGILIS LTX,34687,LT245/75R16120/116QAGILTXLRE,E,$0.00,$205.40
MICHELIN,LTX AT2,52691,LT245/75R16120/116RLTXAT2LREDT,E,$0.00,$248.95
MICHELIN,AGILISCC2,84422,LT245/75R17 121/118R AGILISCC2,E,$0.00,$242.45
MICHELIN,LTX AT2,06682,LT245/75R17 121/118RLTX AT2LRE,E,$0.00,$263.25
MICHELIN,LTX M/S 2,54043,LT245/75R17121/118RLTX M/S2LRE,E,$0.00,$261.95
MICHELIN,LTX AT2,21691,LT245/75R17121/118RLTXAT2REDT1,E,$0.00,$257.40
MICHELIN,DEFLTX MS2,38846,LT245/75R17121/118S DEFLTXMS2,E,$0.00,$270.40
MICHELIN,DFNDRLTXMS,10372,LT255/65R18120/117RDFNDRLTXM,E,$0.00,$265.20
MICHELIN,AGILISCC2,63991,LT265/60R20 121/118R AGILISCC2,E,$0.00,$289.25
MICHELIN,DEFLTXPLAT,34778,LT265/60R20 121/118SDEFLTXPLAT,E,$0.00,$291.85
MICHELIN,DEFLTX MS2,52050,LT265/60R22 123/120S DEFLTXMS2,E,$0.00,$362.05
MICHELIN,LTX AT2,67198,LT265/70R17121/118RLTX AT2 R54,E,$0.00,$263.25
MICHELIN,LTX AT2,69422,LT265/70R17121R LTX AT2LRE ORW,E,$0.00,$263.25
MICHELIN,AGILISCC2,18478,LT265/70R17123/120R AGILISCC2,E,$0.00,$250.25
MICHELIN,DEFLTX MS2,45468,LT265/70R17123/120S DEFLTX MS2,E,$0.00,$259.35
MICHELIN,AGILISCC2,90178,LT265/70R18 124/121R AGILISCC2,E,$0.19,$260.00
MICHELIN,DEFLTX MS2,66531,LT265/70R18 124/121S DEFLTXMS2,E,$0.19,$237.90
MICHELIN,LTX AT2,09068,LT265/70R18124/121RLTXAT2INMET,E,$0.19,$276.25
MICHELIN,DFNDRLTXMS,56522,LT265/75R16123/120RDFNDRLTXMTP,E,$0.00,$245.70
MICHELIN,DEFLTX MS2,15284,LT275/50R22 119/116S DEFLTXMS2,E,$0.00,$362.05
MICHELIN,DEFLTX MS2,74168,LT275/50R24121/118S DEFLTX MS2,E,$0.00,$455.65
MICHELIN,PRIMACYLTX,29243,LT275/50R24121/118S PRIMACYLTX,E,$0.00,$432.90
MICHELIN,DEFLTX MS2,16553,LT275/60R22 125/122SDEFLTXM/S2,E,$1.32,$377.00
MICHELIN,PRIMACYLTX,60030,LT275/60R22 125/122SPRIMLTXLRE,E,$0.00,$386.10
MICHELIN,AGILISCC2,74670,LT275/65R18 123/120R AGILISCC2,E,$0.00,$270.40
MICHELIN,DEFLTX MS2,39974,LT275/65R18 123/120SDEFLTX MS2,E,$0.00,$247.00
MICHELIN,LTX AT2,03822,LT275/65R18123/120RLTXAT2OWLDT,E,$0.00,$284.70
MICHELIN,AGILISCC2,83850,LT275/65R20 126/123R AGILISCC2,E,$2.36,$312.00
MICHELIN,DEFLTXPLAT,22455,LT275/65R20 126/123SDEFLTXPLAT,E,$2.36,$340.60
MICHELIN,LTX AT2,04238,LT275/65R20126/123RLTX AT2 ORL,E,$2.36,$343.85
MICHELIN,DEFLTX MS2,13990,LT275/70R18 125/122SDEFLTX MS2,E,$1.32,$246.35
MICHELIN,AGILISCC2,97248,LT275/70R18125/122R AGILISCC2,E,$1.32,$263.25
MICHELIN,LTX AT2,71991,LT275/70R18125/122RLTXAT2LRRMV,E,$1.32,$268.45
MICHELIN,LTX AT2,32157,LT275/70R18125/122S LTX AT2LRE,E,$1.32,$260.65
MICHELIN,AGILISCC2,74106,LT285/60R20 125/122R AGILISCC2,E,$1.32,$342.55
MICHELIN,DEFLTXPLAT,15801,LT285/60R20 125/122SDEFLTXPLAT,E,$1.32,$365.30
MICHELIN,DEFLTX MS2,10763,LT285/65R18 125/122S DEFLTXMS2,E,$1.32,$299.00
MICHELIN,DEFLTXPLAT,39045,LT285/65R20 127/124SDEFLTXPLAT,E,$3.40,$390.00
MICHELIN,DEFLTX MS2,44327,LT285/70R17 126/123S DEFLTXMS2,E,$2.36,$258.05
MICHELIN,DFNDRLTXMS,12719,LT285/75R16126/123RDFNDRLTXM,E,$2.36,$246.35
MICHELIN,DEFLTXPLAT,45192,LT295/60R20 126/123SDEFLTXPLAT,E,$2.36,$390.00
MICHELIN,DEFLTXPLAT,24424,LT295/65R20 129/126SDEFLTXPLAT,E,$5.48,$390.00
MICHELIN,DEFLTX MS2,92771,LT295/70R18 129/126S DEFLTXMS2,E,$5.48,$289.90
MICHELIN,LATTOURHP,15845,P265/60R18 109H TL LATTOURHP M,,$0.00,$217.75
MICHELIN,LTX AT2,36429,P275/60R20 114S LTX A/T2 RBL,,$0.00,$250.90
MICHELIN,LTX AT2,06841,P275/65R18 114T LTX AT2 DT,,$0.00,$283.40
BFGOODRICH,TRTERTA,63392,215/60R17 96H TRTERTA GO,,$0.00,$135.20
BFGOODRICH,TRTERTA,47940,215/65R16 98T TRTERTA ORWL,,$0.00,$150.80
BFGOODRICH,TRTERTA,01727,215/65R17 99T TRTERTA ORWL,,$0.00,$147.55
BFGOODRICH,TRTERTA,20173,225/55R18 102H XL TRTERTA,,$0.00,$187.85
BFGOODRICH,TRTERTA,58571,225/60R17 99H TRTERTA GO,,$0.00,$146.25
BFGOODRICH,TRTERTA,70164,225/60R18 100H TRTERTA GO,,$0.00,$173.55
BFGOODRICH,TRTERTA,92193,225/65R17 102H TRTERTA GO,,$0.00,$147.55
BFGOODRICH,TRTERTA,92893,225/65R17 102T TRTERTA ORWL,,$0.00,$142.35
BFGOODRICH,TRTERTA,06260,225/75R16 108T XL TRTERTA ORWL,,$0.00,$131.30
BFGOODRICH,TRTERTA,07789,235/55R18 104H XL TRTERTA GO,,$0.00,$174.20
BFGOODRICH,TRTERTA,30588,235/55R19 105H XL TRTERTA,,$0.00,$188.50
BFGOODRICH,TRTERTA,17722,235/60R18 107H XL TRTERTA GO,,$0.00,$169.00
BFGOODRICH,TRTERTA,68530,235/65R17 104H TRTERTA,,$0.00,$147.55
BFGOODRICH,TRTERTA,56199,235/65R17 108T XL TRTERTA ORWL,,$0.00,$143.65
BFGOODRICH,TRTERTA,08179,235/70R16 106T TRTERTA ORWL,,$0.00,$145.60
BFGOODRICH,TRTERTA,12184,235/75R15 109T XL TRTERTA ORWL,,$0.00,$129.35
BFGOODRICH,TRTERTA,34161,245/50R20 102H TRL-TERRAIN T/A,,$0.00,$193.05
BFGOODRICH,TRTERTA,89637,245/60R18 105H TRTERTA GO,,$0.00,$186.55
BFGOODRICH,TRTERTA,30234,245/60R20 107H TRTERTA GO,,$0.00,$186.55
BFGOODRICH,TRTERTA,01614,245/65R17 111T XLTTRTERTA ORWL,,$0.00,$159.25
BFGOODRICH,TRTERTA,20333,245/70R16 111T XL TRTERTA ORWL,,$0.00,$159.90
BFGOODRICH,TRTERTA,67462,245/70R17 114T XL TRTERTA ORWL,,$0.00,$157.95
BFGOODRICH,TRTERTA,65907,245/75R16 111T TRTERTA ORWL,,$0.00,$152.10
BFGOODRICH,TRTERTA,06073,245/75R17 112T TRTERTA ORWL,,$0.00,$180.70
BFGOODRICH,TRTERTA,39545,255/55R18 109H XL TRTERTA,,$0.00,$198.90
BFGOODRICH,TRTERTA,17963,255/55R19 111H XL TRTERTA,,$0.00,$205.40
BFGOODRICH,TRTERTA,59755,255/55R20 110H XL TRTERTA,,$0.00,$195.00
BFGOODRICH,TRTERTA+,15021,255/60R20 113V XL TTTA+ RIV,,$0.00,$230.75
BFGOODRICH,TRTERTA,78163,255/65R17 110T TRTERTA ORWL,,$0.00,$177.45
BFGOODRICH,TRTERTA,78303,255/65R18 111T TRTERTA ORWL,,$0.00,$188.50
BFGOODRICH,TRTERTA,94228,255/70R16 115T XL TRTERTA ORWL,,$0.00,$162.50
BFGOODRICH,TRTERTA,01313,255/70R17 112T TRTERTA ORWL,,$0.00,$169.00
BFGOODRICH,TRTERTA,68498,255/70R18 116H XL TRTERTA GO,,$0.00,$192.40
BFGOODRICH,TRTERTA,09544,255/75R17 115T TRTERTA ORWL,,$0.00,$180.70
BFGOODRICH,TRTERTA,04147,265/50R20 107H TRTERTA GO,,$0.00,$201.50
BFGOODRICH,TRTERTA,43808,265/50R22 112H XLTL TRTERTA GO,,$0.00,$275.60
BFGOODRICH,TRTERTA,92079,265/60R18 110T TRTERTA ORWL,,$0.00,$195.00
BFGOODRICH,TRTERTA,35053,265/60R20 115H XLTL TRTERTA GO,,$0.00,$225.55
BFGOODRICH,TRTERTA,01542,265/65R17 112T TRTERTA ORWL,,$0.00,$176.15
BFGOODRICH,TRTERTA,57310,265/65R18 114T TRTERTA ORWL,,$0.00,$184.60
BFGOODRICH,TRTERTA,10385,265/70R16 112T TRTERTA ORWL,,$0.00,$159.25
BFGOODRICH,TRTERTA,61309,265/70R17 115S TL TRTERTA GO,,$0.00,$163.80
BFGOODRICH,TRTERTA,71447,265/70R17 115T TRTERTA ORWL,,$0.00,$166.40
BFGOODRICH,TRTERTA,75198,265/70R18 116T TRTERTA ORWL,,$0.00,$182.00
BFGOODRICH,TRTERTA,42263,265/75R16 116T TRTERTA ORWL,,$0.00,$156.65
BFGOODRICH,TRTERTA,34341,275/45R22 112H XL TRTERTA GO,,$0.00,$245.05
BFGOODRICH,TRTERTA,82059,275/50R22 115H XLTL TRTERTA GO,,$0.00,$221.65
BFGOODRICH,TRTERTA,09185,275/55R20 113T TRTERTA ORWL,,$0.00,$198.90
BFGOODRICH,TRTERTA,40750,275/60R20 115T TRTERTA ORWL,,$0.00,$201.50
BFGOODRICH,TRTERTA,90258,275/60R20 116H XL TRTERTA LR,,$0.00,$230.75
BFGOODRICH,TRTERTA,95912,275/65R18 116T TRTERTA ORWL,,$0.00,$201.50
BFGOODRICH,MDTRTA KM3,33323,27X11.00R14NHS MUDTER T/A KM3,,$0.00,$152.10
BFGOODRICH,MDTRTA KM3,29715,27X9.00R14NHS MUDTER T/A KM3,,$0.00,$148.20
BFGOODRICH,TRTERTA,56955,285/45R22 114H XL TRTERTA GO,,$0.00,$230.10
BFGOODRICH,TRTERTA,50153,285/60R18 116H TRTERTA GO,,$0.00,$185.25
BFGOODRICH,MDTRTA KM3,33172,28X10.00R14 NHS MDTRTA KM3,,$0.00,$156.00
BFGOODRICH,MDTRTA KM3,36326,29X11.00R14NHS MUD TER T/A KM3,,$0.00,$163.80
BFGOODRICH,MDTRTA KM3,08522,29X9.00R14NHS MUD TER T/A KM3,,$0.00,$159.90
BFGOODRICH,MDTRTA KM3,76357,30X10.00R14 NHS MDTRTA KM3,,$0.00,$163.80
BFGOODRICH,MDTRTA KM3,50627,30X10.00R15 NHS MDTRTA KM3,,$0.00,$163.15
BFGOODRICH,MDTRTA KM3,11882,30X9.50R15LT 104Q MDTRTA KM3,C,$0.00,$196.95
BFGOODRICH,AT/TAKO3,05788,30X9.50R15LT/C 104R AT/TA KO3,C,$0.00,$205.40
BFGOODRICH,AT/TAKO3,49534,31X10.50R15LT/C 109R ATT/A KO3,C,$0.00,$224.90
BFGOODRICH,MDTRTA KM3,00893,31X10.50R15LT109QTLMDTRTAKM3LR,C,$0.00,$196.30
BFGOODRICH,MDTRTA KM3,29937,32X10R14NHS MDTRTA KM3 GO,,$0.00,$172.90
BFGOODRICH,MDTRTA KM3,40964,32X10R15NHS MDTRTA KM3 GO,,$0.00,$180.05
BFGOODRICH,AT/TAKO3,09184,32X11.50R15LT/C 113R ATT/A KO3,C,$0.00,$252.85
BFGOODRICH,MDTRTA KM3,26547,32X11.50R15LT113Q MDTRTA KM3,C,$0.00,$228.80
BFGOODRICH,AT/TAKO3,73184,33X10.50R15/C 114R AT T/A KO3,C,$0.00,$294.45
BFGOODRICH,MDTRTA KM3,17109,33X10.50R15LT 114Q MDTRTAKM3,C,$0.00,$259.35
BFGOODRICH,AT/TAKO2,37881,33X12.50R15 108RATTAKO2LRCRWL,C,$0.00,$224.25
BFGOODRICH,AT/TAKO3,88627,33X12.50R15/C 108R AT T/A KO3,C,$0.00,$280.80
BFGOODRICH,MDTRTA KM3,28830,33X12.50R15LT 108Q MDTRTAKM3,C,$0.00,$246.35
BFGOODRICH,MDTRTA KM3,01898,33X12.50R17LT 120Q MDTRTAKM3,E,$0.00,$301.60
BFGOODRICH,AT/TAKO2,36394,33X12.50R17LT120S AT/TAKO2LRE,E,$0.00,$289.90
BFGOODRICH,MDTRTA KM3,32589,33X12.50R18LT 118Q MDTRTA KM3,E,$0.00,$344.50
BFGOODRICH,AT/TAKO2,27247,33X12.50R18LT118S AT/TAKO2LRE,E,$0.00,$303.55
BFGOODRICH,MDTRTA KM3,38937,33X12.50R20LT114Q MDTRTA KM3,E,$0.00,$394.55
BFGOODRICH,AT/TAKO2,04929,33X12.50R20LT114S AT/TAKO2LRE,E,$0.00,$369.20
BFGOODRICH,AT/TAKO2,62273,33X12.50R22LT109RAT/TAKO2LREGO,E,$0.00,$373.10
BFGOODRICH,MDTRTA KM3,01201,35X11.00R15NHS MUDTER T/A KM3,,$0.00,$271.70
BFGOODRICH,AT/TAKO3,90186,35X11.50R20/E 124R AT T/A KO3,E,$0.19,$361.40
BFGOODRICH,AT/TAKO2,33572,35X12.50/R15113QLRC ATTAKO2RWL,C,$0.00,$261.30
BFGOODRICH,AT/TAKO3,15683,35X12.50R15/C 113Q AT T/A KO3,C,$0.00,$274.95
BFGOODRICH,MDTRTA KM3,27226,35X12.50R15LT 113Q MDTRTAKM3,C,$0.00,$274.95
BFGOODRICH,AT/TAKO3,03347,35X12.50R17/D 119R AT T/A KO3,D,$0.00,$365.95
BFGOODRICH,MDTRTA KM3,55079,35X12.50R17LT121QTLMDTRTAKM3LR,E,$0.00,$348.40
BFGOODRICH,AT/TAKO3,29259,35X12.50R18/F 128R AT T/A KO3,F,$4.44,$361.40
BFGOODRICH,MDTRTA KM3,72204,35X12.50R18LT123QTLMDTRTAKM3LR,E,$0.00,$371.80
BFGOODRICH,AT/TAKO3,60060,35X12.50R20/F 125R AT T/A KO3,F,$1.32,$404.95
BFGOODRICH,MDTRTA KM3,08843,35X12.50R20LT121QTLMDTRTAKM3LR,E,$0.00,$420.55
BFGOODRICH,HDTERT/AKT,82637,35X12.5R18LT128QLRF HDTA KT,F,$4.44,$390.00
BFGOODRICH,HDTERT/AKT,23371,35X12.5R20LT125QLRF HDTA KT,F,$1.32,$440.70
BFGOODRICH,AT/TAKO3,67869,35X13.50R20/F 126R AT T/A KO3,F,$2.36,$410.80
BFGOODRICH,AT/TAKO3,01980,37X12.50R17/F 128R AT T/A KO3,F,$4.44,$373.75
BFGOODRICH,AT/TAKO2,80088,37X12.50R17LT 116S AT/TAKO2LRC,C,$0.00,$373.75
BFGOODRICH,MDTRTA KM3,39458,37X12.50R17LT124QTLMDTRTAKM3LR,D,$0.19,$391.30
BFGOODRICH,AT/TAKO3,33457,37X12.50R18/F 128R AT T/A KO3,F,$4.44,$386.75
BFGOODRICH,MDTRTA KM3,45713,37X12.50R18LT115Q MDTRTA KM3,C,$0.00,$431.60
BFGOODRICH,AT/TAKO3,70395,37X12.50R18LT115RAT/TAKO3LRCGO,C,$0.00,$372.45
BFGOODRICH,AT/TAKO3,01731,37X12.50R20/F 128R AT T/A KO3,F,$4.44,$415.35
BFGOODRICH,MDTRTA KM3,37549,37X12.50R20LT126QMDTRTAKM3LRE,E,$2.36,$449.80
BFGOODRICH,MDTRTA KM3,00958,37X12.5R18LT128Q TLMDTRTA KM3L,E,$4.44,$442.65
BFGOODRICH,HDTERT/AKT,22795,37X12.5R20LT128QLRF HDTA KT,F,$4.44,$451.10
BFGOODRICH,AT/TAKO3,89773,37X13.50R17/F 128R AT T/A KO3,F,$4.44,$335.40
BFGOODRICH,MDTRTA KM3,79851,37X13.50R17LT121QTLMDTRTAKM3LR,E,$0.00,$380.25
BFGOODRICH,AT/TAKO3,02519,37X13.50R18/F 128R AT T/A KO3,F,$4.44,$398.45
BFGOODRICH,MDTRTA KM3,75495,37X13.50R18LT128QTLMDTRTAKM3LR,E,$4.44,$391.95
BFGOODRICH,AT/TAKO3,82375,37X13.50R20/F 128R AT T/A KO3,F,$4.44,$449.80
BFGOODRICH,MDTRTA KM3,01047,37X13.50R20LT127Q MDTRTA KM3,E,$3.40,$466.05
BFGOODRICH,HDTERT/AKT,32390,37X13.50R20LT128QLRF HDTAKT,F,$4.44,$466.70
BFGOODRICH,AT/TAKO3,23776,37X13.50R22/F 128R AT T/A KO3,F,$4.44,$516.75
BFGOODRICH,MDTRTA KM3,51646,37X13.50R22LT123Q MDTRTA KM3,E,$0.00,$550.55
BFGOODRICH,AT/TAKO2,71670,37X13.50R22LT123R AT/TAKO2LRE,E,$0.00,$510.90
BFGOODRICH,HDTERT/AKT,15947,37X13.50R22LT128QLRF HDTA KT,F,$4.44,$575.25
BFGOODRICH,AT/TAKO3,07953,39X13.50R17/D 121R AT T/A KO3,D,$0.00,$574.60
BFGOODRICH,MDTRTA KM3,71004,39X13.50R17LT 121Q MDTRTA KM3,C,$0.00,$583.70
BFGOODRICH,AT/TAKO3,63402,40X13.50R18/F LT128R AT/TAKO3,F,$4.44,$583.05
BFGOODRICH,AT/TAKO3,75404,40X13.50R20/F 128R AT T/A KO3,F,$4.44,$586.95
BFGOODRICH,MDTRTA KM3,27428,40X13.5R17LT 121Q MDTRTA KM3LR,D,$0.00,$606.45
BFGOODRICH,HDTERT/AKT,51750,40X13.5R18128Q HDTRT/AKTLRF GO,F,$4.44,$614.90
BFGOODRICH,HDTERT/AKT,26313,40X13.5R20128Q HDTRT/AKTLRF GO,F,$4.44,$622.70
BFGOODRICH,MDTRTA KM3,54802,42X14.50R17LT 128Q MDTRTA KM3,D,$4.44,$686.40
BFGOODRICH,AT/TAKO3,25263,7.50R16/E 116/112R AT/TAKO3 GO,E,$0.00,$198.90
BFGOODRICH,MDTRTA KM3,21105,7.50R16LT 116/112Q MDTRTA KM3,E,$0.00,$198.90
BFGOODRICH,AT/TAKO3,20709,LT215/65R16/D103/100S AT/TAKO3,D,$0.00,$176.15
BFGOODRICH,AT/TAKO3,59614,LT215/70R16/C100/97S AT/TA KO3,C,$0.00,$178.10
BFGOODRICH,AT/TAKO3,02161,LT215/75R15/C100/97S AT/TA KO3,C,$0.00,$149.50
BFGOODRICH,MDTRTA KM3,55937,LT215/75R15100/97QMDTRTKM3LRCG,C,$0.00,$182.00
BFGOODRICH,HD PRO T/A,52243,LT215/85R16115/112RLREHDPROT/A,E,$0.00,$170.95
BFGOODRICH,AT/TAKO3,72781,LT225/65R17/D107/103S AT/TAKO3,D,$0.00,$180.70
BFGOODRICH,AT/TAKO3,61450,LT225/70R16/C102/99S AT/TAKO3,C,$0.00,$185.25
BFGOODRICH,AT/TAKO3,38727,LT225/75R16/E115/112S AT/TAKO3,E,$0.00,$176.15
BFGOODRICH,HD PRO T/A,30474,LT225/75R16115/112RLREHDPROT/A,E,$0.00,$177.45
BFGOODRICH,AT/TAKO3,03220,LT235/60R18/D108/104S AT/TAKO3,D,$0.00,$226.85
BFGOODRICH,AT/TAKO3,45926,LT235/65R17/D109/105S AT/TAKO3,D,$0.00,$204.10
BFGOODRICH,AT/TAKO3,04536,LT235/70R16/D110/107S AT/TAKO3,D,$0.00,$182.00
BFGOODRICH,MDTRTA KM3,37009,LT235/70R16110/107QMDTRTKM3LRD,D,$0.00,$207.35
BFGOODRICH,AT/TAKO3,08533,LT235/75R15/D110/107S AT/TAKO3,D,$0.00,$159.25
BFGOODRICH,AT/TAKO2,63647,LT235/75R15104/101S ATTAKO2CCC,C,$0.00,$152.10
BFGOODRICH,AT/TAKO3,19337,LT235/80R17/E120/117S AT/TAKO3,E,$0.00,$224.90
BFGOODRICH,HDTERT/AKT,04958,LT235/80R17120/117QLRE HDTA KT,E,$0.00,$246.35
BFGOODRICH,HD PRO T/A,25595,LT235/80R17120/117RLREHDPROT/A,E,$0.00,$209.30
BFGOODRICH,AT/TAKO3,51064,LT235/80R18/E121/118S AT/TAKO3,E,$0.00,$274.95
BFGOODRICH,AT/TAKO3,53322,LT235/85R16/E120/116S AT/TAKO3,E,$0.00,$183.30
BFGOODRICH,HDTERT/AKT,02342,LT235/85R16120/116QLRE HDTA KT,E,$0.00,$203.45
BFGOODRICH,HD PRO T/A,89554,LT235/85R16120/116RLREHDPROT/A,E,$0.00,$180.05
BFGOODRICH,AT/TAKO2,52433,LT245/65R17111/108S ATTAKO2RWL,D,$0.00,$170.95
BFGOODRICH,AT/TAKO3,01999,LT245/70R16/D113/110S AT/TAKO3,D,$0.00,$202.80
BFGOODRICH,AT/TAKO2,28855,LT245/70R16113/110S ATTAKO2RWL,D,$0.00,$180.05
BFGOODRICH,MDTRTA KM3,23391,LT245/70R17 119/116QLRE MUDKM,E,$0.00,$206.05
BFGOODRICH,AT/TAKO3,05821,LT245/70R17/E119/116S AT/TAKO3,E,$0.00,$196.30
BFGOODRICH,HDTERT/AKT,40410,LT245/70R17119/116QLRE HDTA KT,E,$0.00,$210.60
BFGOODRICH,HD PRO T/A,37644,LT245/70R17119/116RLREHDPROT/A,E,$0.00,$207.35
BFGOODRICH,AT/TAKO3,81507,LT245/70R18115/112S ATT/AKO3,D,$0.00,$230.10
BFGOODRICH,AT/TAKO3,17305,LT245/75R16/E120/116S AT/TAKO3,E,$0.00,$195.00
BFGOODRICH,MDTRTA KM3,11954,LT245/75R16120/116Q MDTRTAKM3,E,$0.00,$205.40
BFGOODRICH,HD PRO T/A,64501,LT245/75R16120/116RLREHDPROT/A,E,$0.00,$177.45
BFGOODRICH,AT/TAKO3,25935,LT245/75R17/E121/118S AT/TAKO3,E,$0.00,$220.35
BFGOODRICH,HDTERT/AKT,35634,LT245/75R17121/118QLRE HDTA KT,E,$0.00,$232.70
BFGOODRICH,HD PRO T/A,38413,LT245/75R17121/118RLREHDPROT/A,E,$0.00,$222.95
BFGOODRICH,AT/TAKO3,66400,LT255/55R18/D109/105S AT/TAKO3,D,$0.00,$247.00
BFGOODRICH,AT/TAKO2,04785,LT255/55R18109/105R ATTAKO2CCC,D,$0.00,$236.60
BFGOODRICH,AT/TAKO3,02300,LT255/60R20/D115/112S AT/TAKO3,D,$0.00,$274.30
BFGOODRICH,AT/TAKO3,20375,LT255/65R17/D114/110S AT/TAKO3,D,$0.00,$207.35
BFGOODRICH,MDTRTA KM3,09656,LT255/65R17114/110Q MDTRTAKM3,D,$0.00,$224.25
BFGOODRICH,AT/TAKO3,11791,LT255/70R16/D115/112S AT/TAKO3,D,$0.00,$189.15
BFGOODRICH,MDTRTA KM3,64691,LT255/70R16120/117Q MDTRTAKM3,E,$0.00,$201.50
BFGOODRICH,AT/TAKO2,65289,LT255/70R16120/117S ATTAKO2RWL,E,$0.00,$177.45
BFGOODRICH,AT/TAKO3,01180,LT255/70R17/D116/113S AT/TAKO3,D,$0.00,$201.50
BFGOODRICH,AT/TAKO3,00100,LT255/70R18/D117/114S ATT/AKO3,D,$0.00,$239.20
BFGOODRICH,AT/TAKO2,70539,LT255/70R18117/114SATTAKO2LECE,D,$0.00,$223.60
BFGOODRICH,AT/TAKO3,05846,LT255/75R17/C111/108S ATT/AKO3,C,$0.00,$241.80
BFGOODRICH,MDTRTA KM2,15496,LT255/75R17111/108Q MDTRTAKM2,C,$0.00,$260.65
BFGOODRICH,MDTRTA KM3,43996,LT255/75R17111/108Q MDTRTAKM3,C,$0.00,$246.35
BFGOODRICH,HDTERT/AKT,39001,LT255/80R17123/120QLRE HDTA KT,E,$0.00,$270.40
BFGOODRICH,MDTRTA KM3,85538,LT25585R16123120QMDTRTAKM3LRE,E,$0.00,$260.65
BFGOODRICH,AT/TAKO3,03501,LT265/60R18/D114/110SATT/A KO3,D,$0.00,$239.20
BFGOODRICH,MDTRTA KM3,81901,LT265/60R18119/116Q MDTRTAKM3,E,$0.00,$246.35
BFGOODRICH,AT/TAKO3,41617,LT265/60R20/E 121/118SATT/AKO3,E,$0.00,$300.30
BFGOODRICH,AT/TAKO3,88058,LT265/60R22/E123/120SATT/A KO3,E,$0.00,$342.55
BFGOODRICH,AT/TAKO3,66480,LT265/65R17/D116/113SATT/A KO3,D,$0.00,$215.15
BFGOODRICH,MDTRTA KM3,50779,LT265/65R17120/117Q MDTRTAKM3,E,$0.00,$232.05
BFGOODRICH,AT/TAKO3,03930,LT265/65R18/D117/114SATT/A KO3,D,$0.00,$260.00
BFGOODRICH,AT/TAKO3,25894,LT265/70R16/D117/114SATT/A KO3,D,$0.00,$228.15
BFGOODRICH,MDTRTA KM3,12657,LT265/70R16121/118Q MDTRTAKM3,E,$0.00,$241.15
BFGOODRICH,AT/TAKO2,62023,LT265/70R16121/118S ATTAKO2RWL,E,$0.00,$224.25
BFGOODRICH,AT/TAKO3,09405,LT265/70R17/C112/109SATT/A KO3,C,$0.00,$241.80
BFGOODRICH,AT/TAKO3,09100,LT265/70R17/E123/120SATT/A KO3,E,$0.00,$220.35
BFGOODRICH,MDTRTA KM3,32095,LT265/70R17121/118QTLMDTRTAKM3,E,$0.00,$261.95
BFGOODRICH,AT/TAKO2,29668,LT265/70R17121/118SATTAKO2EINM,E,$0.00,$221.00
BFGOODRICH,HDTERT/AKT,41424,LT265/70R17123/120QLRE HDTA KT,E,$0.00,$243.10
BFGOODRICH,HD PRO T/A,48446,LT265/70R17123/120RLREHDPROT/A,E,$0.00,$232.05
BFGOODRICH,AT/TAKO3,39041,LT265/70R17123/120S AT/TAKO3,E,$0.00,$250.90
BFGOODRICH,AT/TAKO3,72636,LT265/70R18/D119/116SATT/A KO3,D,$0.00,$282.10
BFGOODRICH,AT/TAKO3,64364,LT265/70R18/E124/121SATT/A KO3,E,$0.19,$235.95
BFGOODRICH,HDTERT/AKT,06449,LT265/70R18124/121QLRE HDTA KT,E,$0.19,$267.15
BFGOODRICH,MDTRTA KM3,09381,LT265/75R16 123/120QLRE MUDKM,E,$0.00,$235.30
BFGOODRICH,AT/TAKO3,14355,LT265/75R16/E123/120SATT/A KO3,E,$0.00,$203.45
BFGOODRICH,HDTERT/AKT,32767,LT265/75R16123/120QLRE HDTA KT,E,$0.00,$232.05
BFGOODRICH,HD PRO T/A,66163,LT265/75R16123/120RLREHDPROT/A,E,$0.00,$191.10
BFGOODRICH,AT/TAKO3,17559,LT275/50R22/E119/116STAT/A KO3,E,$0.00,$416.65
BFGOODRICH,AT/TAKO3,56770,LT275/55R20/D115/112SATT/A KO3,D,$0.00,$250.90
BFGOODRICH,AT/TAKO3,19422,LT275/60R20/D119/116SATT/A KO3,D,$0.00,$274.95
BFGOODRICH,AT/TAKO3,23270,LT275/65R17/D118/115SATT/A KO3,D,$0.00,$223.60
BFGOODRICH,AT/TAKO3,03069,LT275/65R18/E123/120SATT/A KO3,E,$0.00,$250.90
BFGOODRICH,MDTRTA KM3,07111,LT275/65R18123/120Q MDTRTAKM3,E,$0.00,$267.15
BFGOODRICH,HDTERT/AKT,50950,LT275/65R18123/120QLRE HDTA KT,E,$0.00,$283.40
BFGOODRICH,HD PRO T/A,21488,LT275/65R18123/120RLREHDPROT/A,E,$0.00,$238.55
BFGOODRICH,AT/TAKO3,17400,LT275/65R20/E126/123SATT/A KO3,E,$2.36,$336.70
BFGOODRICH,MDTRTA KM3,15830,LT275/65R20126/123Q MDTRTAKM3,E,$2.36,$351.00
BFGOODRICH,HDTERT/AKT,38063,LT275/65R20126/123QLRE HDTA KT,E,$2.36,$375.70
BFGOODRICH,HD PRO T/A,15327,LT275/65R20126/123RLREHDPROT/A,E,$2.36,$267.15
BFGOODRICH,AT/TAKO3,26116,LT275/65R20126/123SATTAKO3LRE,E,$2.36,$336.70
BFGOODRICH,AT/TAKO3,31887,LT275/70R16/D119/116SATT/A KO3,D,$0.00,$267.80
BFGOODRICH,AT/TAKO2,97884,LT275/70R16119/116STLAT/TA KO2,D,$0.00,$254.15
BFGOODRICH,AT/TAKO3,18380,LT275/70R17/E124/121SATT/A KO3,E,$0.19,$252.20
BFGOODRICH,HDTERT/AKT,11397,LT275/70R17124/121QLRE HDTA KT,E,$0.19,$291.85
BFGOODRICH,AT/TAKO3,78075,LT275/70R18/E125/122SATT/A KO3,E,$1.32,$259.35
BFGOODRICH,MDTRTA KM3,10199,LT275/70R18125/122Q MDTRTAKM3,E,$1.32,$271.05
BFGOODRICH,HDTERT/AKT,65323,LT275/70R18125/122QLRE HDTA KT,E,$1.32,$287.30
BFGOODRICH,HD PRO T/A,16089,LT275/70R18125/122RLREHDPROT/A,E,$1.32,$235.95
BFGOODRICH,AT/TAKO3,76962,LT285/50R22/E121/118SATT/A KO3,E,$0.00,$441.35
BFGOODRICH,AT/TAKO3,72901,LT285/55R20/D117/114SATT/A KO3,D,$0.00,$339.95
BFGOODRICH,AT/TAKO3,36813,LT285/55R22/E124/121SATT/A KO3,E,$0.19,$406.25
BFGOODRICH,AT/TAKO3,20152,LT285/60R18/D118/115SATT/A KO3,D,$0.00,$269.10
BFGOODRICH,AT/TAKO3,40788,LT285/60R20/E125/122SATT/A KO3,E,$1.32,$326.95
BFGOODRICH,HDTERT/AKT,65998,LT285/60R20125/122QLRE HDTA KT,E,$1.32,$365.95
BFGOODRICH,AT/TAKO3,09376,LT285/65R18/E125/122SATT/A KO3,E,$1.32,$293.80
BFGOODRICH,MDTRTA KM3,91897,LT285/65R18125/122Q MDTRTAKM3,E,$1.32,$336.70
BFGOODRICH,HDTERT/AKT,25528,LT285/65R18125/122QLRE HDTA KT,E,$1.32,$343.20
BFGOODRICH,AT/TAKO3,11201,LT285/65R20/E127/124SATT/A KO3,E,$3.40,$373.10
BFGOODRICH,HDTERT/AKT,83286,LT285/65R20127/124QLRE HDTA KT,E,$3.40,$409.50
BFGOODRICH,AT/TAKO3,04364,LT285/70R17/C116/113SATT/A KO3,C,$0.00,$253.50
BFGOODRICH,AT/TAKO3,19795,LT285/70R17/E126/123SATT/A KO3,E,$2.36,$249.60
BFGOODRICH,AT/TAKO2,81501,LT285/70R17116/113QTLATTAKO2LR,C,$0.00,$247.00
BFGOODRICH,AT/TAKO2,24481,LT285/70R17116/113SAT/TAKO2LRC,C,$0.00,$248.30
BFGOODRICH,AT/TAKO3,62187,LT285/70R17116/113SAT/TAKO3LRC,C,$0.00,$252.20
BFGOODRICH,HDTERT/AKT,31973,LT285/70R17126/123QLRE HDTA KT,E,$2.36,$279.50
BFGOODRICH,MDTRTA KM3,10227,LT285/70R17126/123QMDTRTKM3LRE,E,$2.36,$260.00
BFGOODRICH,AT/TAKO3,05632,LT285/70R18/E127/124SATT/A KO3,E,$3.40,$317.85
BFGOODRICH,MDTRTA KM3,42869,LT285/70R18127/124Q MDTRTAKM3,E,$3.40,$393.25
BFGOODRICH,MDTRTA KM3,25217,LT285/75R16 126/123QLRE MUDKM,E,$2.36,$245.70
BFGOODRICH,AT/TAKO3,12859,LT285/75R16/C116/113SATT/A KO3,C,$0.00,$231.40
BFGOODRICH,AT/TAKO3,15138,LT285/75R16/E126/123SATT/A KO3,E,$2.36,$232.70
BFGOODRICH,HDTERT/AKT,59874,LT285/75R16126/123QLRE HDTA KT,E,$2.36,$259.35
BFGOODRICH,AT/TAKO3,30398,LT285/75R17/E128/125SATT/A KO3,E,$4.44,$288.60
BFGOODRICH,MDTRTA KM3,08858,LT285/75R17121/118Q MDTRTAKM3,E,$0.00,$412.10
BFGOODRICH,HDTERT/AKT,39694,LT285/75R17128/125QLRE HDTA KT,E,$4.44,$317.20
BFGOODRICH,AT/TAKO3,26189,LT285/75R18/E129/126SATT/A KO3,E,$5.48,$333.45
BFGOODRICH,HDTERT/AKT,09183,LT285/75R18129/126QLRE HDTA KT,E,$5.48,$356.85
BFGOODRICH,AT/TAKO2,41630,LT295/50R22118/115S AT/TAKO2,D,$0.00,$438.75
BFGOODRICH,AT/TAKO3,52267,LT295/55R20/E123/120SATT/A KO3,E,$0.00,$336.70
BFGOODRICH,AT/TAKO3,58242,LT295/55R22/E125/122SATT/A KO3,E,$1.32,$456.95
BFGOODRICH,AT/TAKO3,37511,LT295/65R20/E129/126SATT/A KO3,E,$5.48,$352.30
BFGOODRICH,MDTRTA KM3,01390,LT295/65R20129/126Q MDTRTAKM3,E,$5.48,$369.85
BFGOODRICH,HDTERT/AKT,78199,LT295/65R20129/126QLRE HDTA KT,E,$5.48,$388.05
BFGOODRICH,AT/TAKO3,23161,LT295/70R17/E128/125SATT/A KO3,E,$4.44,$278.20
BFGOODRICH,MDTRTA KM3,15052,LT295/70R17121/118Q MDTRTAKM3,E,$0.00,$286.65
BFGOODRICH,HDTERT/AKT,99761,LT295/70R17128/125QLRE HDTA KT,E,$4.44,$312.00
BFGOODRICH,AT/TAKO3,33249,LT295/70R18/E129/126SATT/A KO3,E,$5.48,$299.00
BFGOODRICH,MDTRTA KM3,61501,LT295/70R18129/126Q MDTRTAKM3,E,$5.48,$343.20
BFGOODRICH,HDTERT/AKT,65865,LT295/70R18129/126QLRE HDTA KT,E,$5.48,$339.30
BFGOODRICH,AT/TAKO3,39823,LT295/75R16/E128/125SATT/A KO3,E,$4.44,$243.75
BFGOODRICH,AT/TAKO3,19668,LT305/45R22/E 115S AT T/A KO3,E,$0.00,$362.05
BFGOODRICH,AT/TAKO3,61317,LT305/50R20/E 117S AT T/A KO3,E,$0.00,$321.10
BFGOODRICH,AT/TAKO2,10095,LT305/50R20117/114SATTAKO2LR,E,$0.00,$314.60
BFGOODRICH,AT/TAKO3,02685,LT305/55R20/F 125S AT T/A KO3,F,$1.32,$428.35
BFGOODRICH,MDTRTA KM3,91993,LT305/55R20121/118Q MDTRTAKM3,E,$0.00,$394.55
BFGOODRICH,AT/TAKO3,24156,LT305/55R22/F 127S AT T/A KO3,F,$3.40,$371.80
BFGOODRICH,AT/TAKO2,00819,LT305/65R17121/118R ATTAKO2RWL,E,$0.00,$354.25
BFGOODRICH,AT/TAKO3,58075,LT305/65R18/F 128S AT T/A KO3,F,$4.44,$333.45
BFGOODRICH,AT/TAKO3,12449,LT305/70R16/E 124S AT T/A KO3,E,$0.19,$267.80
BFGOODRICH,MDTRTA KM3,84454,LT305/70R16124/121Q MDTRTAKM3,E,$0.19,$274.95
BFGOODRICH,AT/TAKO3,86520,LT305/70R17/F 128S AT T/A KO3,F,$4.44,$272.35
BFGOODRICH,AT/TAKO3,46828,LT305/70R18/F 128S AT T/A KO3,F,$4.44,$358.15
BFGOODRICH,HDTERT/AKT,10496,LT305/70R18128QLRF HDTA KT,F,$4.44,$394.55
BFGOODRICH,AT/TAKO3,55198,LT315/70R17/D 121S AT T/A KO3,D,$0.00,$305.50
BFGOODRICH,AT/TAKO3,68284,LT315/70R17/F 128S AT T/A KO3,F,$4.44,$304.20
BFGOODRICH,AT/TAKO2,08884,LT315/70R17113/110S AT/TAKO2,C,$0.00,$300.30
BFGOODRICH,AT/TAKO2,07361,LT315/70R17113/110TAT/TAKO-CCC,C,$0.00,$300.30
BFGOODRICH,MDTRTA KM3,69713,LT315/70R17121Q MDTRTA KM3LRE,E,$0.00,$315.90
BFGOODRICH,HDTERT/AKT,67637,LT315/70R17128QLRF HDTA KT,F,$4.44,$332.80
BFGOODRICH,AT/TAKO3,19117,LT315/75R16/E 127S AT T/A KO3,E,$3.40,$284.70
BFGOODRICH,MDTRTA KM3,08056,LT315/75R16127/124QMDTRTAKM3LE,E,$3.40,$286.00
BFGOODRICH,AT/TAKO3,01281,LT325/50R22/F 127S AT T/A KO3,F,$3.40,$477.75
BFGOODRICH,AT/TAKO3,13906,LT325/60R20/F 128S AT T/A KO3,F,$4.44,$297.05
BFGOODRICH,MDTRTA KM3,51810,LT325/60R20126/123QTLMTTAKM3LR,E,$2.36,$430.95
BFGOODRICH,AT/TAKO3,11527,LT325/65R18/F 128S AT T/A KO3,F,$4.44,$332.80
BFGOODRICH,RAD TA 3,78138,P225/70R14 98S RAD T/A RWL,,$0.00,$137.80
BFGOODRICH,RAD TA 3,72175,P225/70R15 100S RAD T/A RWL,,$0.00,$148.20
BFGOODRICH,RAD TA 3,99620,P245/60R15 100S RAD T/A RWL,,$0.00,$156.00
BFGOODRICH,RAD TA 3,29893,P255/60R15 102S RAD T/A TL RWL,,$0.00,$167.70
BFGOODRICH,RAD TA 3,07685,P255/70R15 108S RAD T/A RWL,,$0.00,$169.00
BFGOODRICH,RAD TA 3,61789,P275/60R15 107S RAD T/A TL RWL,,$0.00,$170.30
BFGOODRICH,TRTERTA,08164,P285/70R17 117T TRTERTA ORWL,,$0.00,$202.15
BFGOODRICH,RAD TA 3,12707,P295/50R15 105S RAD T/A RWL,,$0.00,$202.80
BFGOODRICH,ADVAN CON,62286,175/65R15 84H ADVANT CONTROL,,$0.00,$99.45
BFGOODRICH,ADVAN CON,61141,185/60R15 84H ADVAN CONTROL,,$0.00,$98.80
BFGOODRICH,ADVAN CON,06015,185/65R14 86H ADVAN CONTROL,,$0.00,$90.35
BFGOODRICH,ADVAN CON,12354,185/65R15 88H ADVAN CONTROL,,$0.00,$98.80
BFGOODRICH,ADVAN CON,27963,195/55R16 87V ADVANT CTRL CPJ,,$0.00,$118.30
BFGOODRICH,ADVAN CON,11824,195/60R15 88H ADVAN CONTROL,,$0.00,$96.85
BFGOODRICH,ADVAN CON,91365,195/65R15 91H ADVAN CONTROL,,$0.00,$104.65
BFGOODRICH,GFRCPHENTA,03149,205/40ZR17 84Y XL GFCPHNTA CPJ,,$0.00,$158.60
BFGOODRICH,GFRCPHENTA,23299,205/40ZR18 86Y XL GFCPHNTA CPJ,,$0.00,$182.00
BFGOODRICH,GFORCM2AS+,02422,205/45ZR16 87W XL GFRCECMP2AS+,,$0.00,$125.45
BFGOODRICH,GFRCPHENTA,03999,205/45ZR17 88W GFRC PHENM T/A,,$0.00,$143.65
BFGOODRICH,GFORCM2AS+,49718,205/45ZR17 88W XL G-FORCMP2AS+,,$0.00,$131.95
BFGOODRICH,ADVAN CON,24682,205/50R16 87V ADVANT CTRL CPJ,,$0.00,$114.40
BFGOODRICH,ADVAN CON,64709,205/50R17 93V XL ADV CTRL CPJ,,$0.00,$135.20
BFGOODRICH,GFORCM2AS+,79041,205/50ZR16 87W G-FORCECOMP2AS+,,$0.00,$117.65
BFGOODRICH,GFRCPHENTA,81588,205/50ZR17 93W GFRC PHENM T/A,,$0.00,$149.50
BFGOODRICH,GFORCM2AS+,56344,205/50ZR17 93Y XL G-FORCMP2AS+,,$0.00,$136.50
BFGOODRICH,ADVAN CON,90759,205/55R16 91H ADVANT CTRL CPJ,,$0.00,$113.75
BFGOODRICH,ADVAN CON,49186,205/55R17 95H XL ADVAN CONTROL,,$0.00,$128.05
BFGOODRICH,GFORCM2AS+,91132,205/55ZR16 91W G-FORCECOMP2AS+,,$0.00,$125.45
BFGOODRICH,GFRCPHENTA,23619,205/55ZR16 94WXL GFRCPHENOM TA,,$0.00,$124.15
BFGOODRICH,ADVAN CON,97977,205/60R15 91H TL ADVAN CON GO,,$0.00,$99.45
BFGOODRICH,ADVAN CON,07227,205/60R16 92H ADVANT CTRL,,$0.00,$115.70
BFGOODRICH,ADVAN CON,00555,205/60R16 92V ADVANT CTRL,,$0.00,$115.70
BFGOODRICH,ADVAN CON,71973,205/65R15 99H XL ADVANT CONTRL,,$0.00,$105.30
BFGOODRICH,ADVAN CON,34591,205/65R16 95H ADVANT CTRL,,$0.00,$115.70
BFGOODRICH,ADVAN CON,59917,215/45R17 87V ADVAN CONTROL,,$0.00,$137.80
BFGOODRICH,ADVAN CON,91302,215/45R17 87W ADVANT CTRL CPJ,,$0.00,$139.10
BFGOODRICH,GFRCPHENTA,52612,215/45ZR17 91W GFRC PHENM T/A,,$0.00,$146.90
BFGOODRICH,GFORCM2AS+,25463,215/45ZR17 91W XL GFORCM2AS+,,$0.00,$130.00
BFGOODRICH,GFRCPHENTA,20139,215/45ZR18 93W GFRC PHENM T/A,,$0.00,$154.70
BFGOODRICH,GFORCM2AS+,29567,215/45ZR18 93W XL GFORCM2AS+,,$0.00,$139.10
BFGOODRICH,ADVAN CON,11194,215/50R17 95V XL ADV CTRL CPJ,,$0.00,$137.80
BFGOODRICH,GFRCPHENTA,60406,215/50ZR17 95W GFRC PHENM T/A,,$0.00,$149.50
BFGOODRICH,GFORCM2AS+,30364,215/50ZR17 95W XL GFORCM2AS+,,$0.00,$134.55
BFGOODRICH,ADVAN CON,34873,215/55R16 97H XL ADV CTRL CPJ,,$0.00,$114.40
BFGOODRICH,ADVAN CON,74825,215/55R17 94H ADVAN CONTRL CPJ,,$0.00,$133.25
BFGOODRICH,ADVAN CON,21590,215/55R17 94V ADVANT CTRL CPJ,,$0.00,$137.15
BFGOODRICH,ADVAN CON,37910,215/55R18 95H ADVANT CTRL CPJ,,$0.00,$147.55
BFGOODRICH,GFORCM2AS+,03393,215/55ZR17 98W XL GFORCM2AS+,,$0.00,$139.10
BFGOODRICH,ADVAN CON,17593,215/60R16 95H ADVANT CTRL,,$0.00,$111.80
BFGOODRICH,ADVAN CON,53186,215/60R16 95V ADVANT CTRL,,$0.00,$118.30
BFGOODRICH,ADVAN CON,35649,215/60R17 96H ADVANT CTRL,,$0.00,$128.05
BFGOODRICH,ADVAN CON,18477,215/65R16 98H ADVAN CONTROL,,$0.00,$111.80
BFGOODRICH,ADVAN CON,73126,215/65R17 99H ADVAN CONTRL CPJ,,$0.00,$125.45
BFGOODRICH,ADVAN CON,00939,215/70R15 98H ADVAN CONTROL,,$0.00,$104.00
BFGOODRICH,ADVAN CON,01041,215/70R16 100H ADVANT CONTROL,,$0.00,$124.15
BFGOODRICH,ADVAN CON,13945,225/40R18 92W XL ADV CTRL CPJ,,$0.00,$162.50
BFGOODRICH,GFRCPHENTA,11036,225/40ZR18 92W GFRC PHENM T/A,,$0.00,$154.05
BFGOODRICH,GFORCM2AS+,02037,225/40ZR18 92W XL GFORCM2AS+,,$0.00,$141.70
BFGOODRICH,GFRCPHENTA,19405,225/40ZR19 93W GFRC PHENM T/A,,$0.00,$182.00
BFGOODRICH,GFORCM2AS+,95455,225/40ZR19 93W XL GFORCM2AS+,,$0.00,$190.45
BFGOODRICH,ADVAN CON,40475,225/45R17 91H ADVANT CTRL CPJ,,$0.00,$134.55
BFGOODRICH,ADVAN CON,50840,225/45R18 95V XL ADV CTRL CPJ,,$0.00,$137.15
BFGOODRICH,GFORCM2AS+,68663,225/45ZR17 94W XL GFORCM2AS+,,$0.00,$128.05
BFGOODRICH,GFRCPHENTA,28484,225/45ZR17 94WXL GFRCPHENOMTA,,$0.00,$140.40
BFGOODRICH,GFRCPHENTA,47595,225/45ZR18 95WXL GFRCPHENOMTA,,$0.00,$169.00
BFGOODRICH,GFORCM2AS+,60923,225/45ZR18 95Y XL GFORCM2AS+,,$0.00,$159.25
BFGOODRICH,GFORCM2AS+,00905,225/45ZR19 96W XL GFORCM2AS+,,$0.00,$176.15
BFGOODRICH,GFRCPHENTA,05041,225/45ZR19 96Y XL GFCPHNTA CPJ,,$0.00,$173.55
BFGOODRICH,ADVAN CON,66078,225/50R17 94H ADVAN CONTRL CPJ,,$0.00,$145.60
BFGOODRICH,ADVAN CON,13341,225/50R17 94V ADVANT CTRL CPJ,,$0.00,$142.35
BFGOODRICH,ADVAN CON,49333,225/50R18 95H ADVAN CONTRL CPJ,,$0.00,$154.05
BFGOODRICH,ADVAN CON,71758,225/50R18 99W XL ADVANT CONTRL,,$0.00,$170.30
BFGOODRICH,GFORCM2AS+,21425,225/50ZR16 92W G-FORCECOMP2AS+,,$0.00,$128.05
BFGOODRICH,GFORCM2AS+,10187,225/50ZR17 94Y G-FORCMP2AS+,,$0.00,$144.30
BFGOODRICH,GFORCM2AS+,25864,225/50ZR18 99W XL G-FORCMP2AS+,,$0.00,$156.00
BFGOODRICH,GFRCPHENTA,48131,225/50ZR18 99W XL GFCPHNTA CPJ,,$0.00,$163.15
BFGOODRICH,ADVAN CON,98162,225/55R17 101H XL ADVAN CONTRL,,$0.00,$139.10
BFGOODRICH,ADVAN CON,24297,225/55R17 101W XL ADVAN CONTRL,,$0.00,$156.65
BFGOODRICH,ADVAN CON,94580,225/55R17 97V ADVANT CTRL CPJ,,$0.00,$147.55
BFGOODRICH,ADVAN CON,17818,225/55R18 98H ADVANTAGE CONTRL,,$0.00,$151.45
BFGOODRICH,ADVAN CON,60675,225/55R18 98V ADVANT CTRL CPJ,,$0.00,$156.65
BFGOODRICH,ADVAN CON,05785,225/55R19 99V ADVAN CONTRL CPJ,,$0.00,$182.00
BFGOODRICH,GFORCM2AS+,00560,225/55ZR16 95W G-FORCECOMP2AS+,,$0.00,$136.50
BFGOODRICH,GFRCPHENTA,05279,225/55ZR17 101W XLGFCPHNTA CPJ,,$0.00,$148.85
BFGOODRICH,GFORCM2AS+,05801,225/55ZR17 97W G-FORCOMP2AS+,,$0.00,$128.05
BFGOODRICH,ADVAN CON,25822,225/60R16 98H ADVANT CTRL,,$0.00,$109.85
BFGOODRICH,ADVAN CON,31398,225/60R17 99H ADVANT CTRL,,$0.00,$132.60
BFGOODRICH,ADVAN CON,47859,225/60R18 100H ADVANT CTRL,,$0.00,$139.75
BFGOODRICH,ADVAN CON,84138,225/60R18 100V ADVANT CTRL,,$0.00,$153.40
BFGOODRICH,ADVAN CON,09518,225/65R16 100H ADVAN CONTROL,,$0.00,$120.25
BFGOODRICH,ADVAN CON,68173,225/65R17 102H ADVAN CON,,$0.00,$137.15
BFGOODRICH,GFRCPHENTA,22810,235/35ZR19 91Y XL GFCPHNTACPJ,,$0.00,$185.25
BFGOODRICH,GFRCPHENTA,13042,235/35ZR20 92Y XL GFCPHETA CPJ,,$0.00,$185.25
BFGOODRICH,ADVAN CON,21295,235/40R18 95W XL ADV CTRL CPJ,,$0.00,$158.60
BFGOODRICH,ADVAN CON,41581,235/40R19 96V XL ADV CTRL CPJ,,$0.00,$177.45
BFGOODRICH,GFORCM2AS+,11407,235/40ZR18 95W XL G-FORCMP2AS+,,$0.00,$160.55
BFGOODRICH,GFRCPHENTA,33799,235/40ZR18 95Y XL GFCPHNTA CPJ,,$0.00,$158.60
BFGOODRICH,GFRCPHENTA,60776,235/40ZR19 96Y XLGFRCPHNTA CPJ,,$0.00,$205.40
BFGOODRICH,ADVAN CON,03789,235/45R17 97H XL ADV CTRL CPJ,,$0.00,$149.50
BFGOODRICH,ADVAN CON,09236,235/45R17 97W XL ADVANT CONTRL,,$0.00,$163.80
BFGOODRICH,ADVAN CON,67114,235/45R18 98V XL ADV CTRL CPJ,,$0.00,$165.10
BFGOODRICH,ADVAN CON,03963,235/45R19 95H ADVANT CTRL,,$0.00,$180.05
BFGOODRICH,GFORCM2AS+,21745,235/45ZR17 97W XL G-FORCMP2AS+,,$0.00,$145.60
BFGOODRICH,GFRCPHENTA,10384,235/45ZR18 98W GFRC PHENM T/A,,$0.00,$176.15
BFGOODRICH,GFORCM2AS+,48272,235/45ZR18 98W XL G-FORCMP2AS+,,$0.00,$169.00
BFGOODRICH,ADVAN CON,02006,235/50R17 96H ADVAN CONTROL,,$0.00,$137.15
BFGOODRICH,ADVAN CON,02994,235/50R17 96W ADVAN CONTRL CPJ,,$0.00,$136.50
BFGOODRICH,ADVAN CON,91494,235/50R18 97V ADVAN CONTRL CPJ,,$0.00,$161.20
BFGOODRICH,ADVAN CON,32076,235/50R19 103H XL ADV CTRL,,$0.00,$180.05
BFGOODRICH,ADVAN CON,06442,235/50R19 99V ADVANTAGE CONTRL,,$0.00,$184.60
BFGOODRICH,GFORCM2AS+,69343,235/50ZR17 96W G-FORCMP2 AS+,,$0.00,$154.70
BFGOODRICH,GFRCPHENTA,26014,235/50ZR18 101W GFRC PHENM T/A,,$0.00,$159.25
BFGOODRICH,GFORCM2AS+,86885,235/50ZR18 101W XL G-FORCM2AS+,,$0.00,$163.15
BFGOODRICH,ADVAN CON,07652,235/55R17 99H ADVANT CTRL CPJ,,$0.00,$143.65
BFGOODRICH,ADVAN CON,54029,235/55R18 100H ADV CONTRL CPJ,,$0.00,$161.20
BFGOODRICH,ADVAN CON,66683,235/55R19 101H ADVAN CONTROL,,$0.00,$188.50
BFGOODRICH,ADVAN CON,01410,235/55R19 101V ADVAN CTRL CPJ,,$0.00,$180.05
BFGOODRICH,ADVAN CON,35657,235/55R20 102H ADVAN CONTROL,,$0.00,$169.00
BFGOODRICH,ADVAN CON,72424,235/55R20 102V ADVANTAGE CONTR,,$0.00,$188.50
BFGOODRICH,GFORCM2AS+,17488,235/55ZR17 103W XL GFORCM2AS+,,$0.00,$150.15
BFGOODRICH,GFRCPHENTA,16309,235/55ZR17 103W XLGFCPHNTA CPJ,,$0.00,$168.35
BFGOODRICH,ADVAN CON,15025,235/60R16 100H ADVAN CONTROL,,$0.00,$128.05
BFGOODRICH,ADVAN CON,02478,235/60R17 102H ADVANT CTRL,,$0.00,$140.40
BFGOODRICH,ADVAN CON,58194,235/60R18 107H XL ADV CONTROL,,$0.00,$168.35
BFGOODRICH,ADVAN CON,60593,235/60R18 107V XL ADV CONTROL,,$0.00,$169.00
BFGOODRICH,ADVAN CON,28566,235/65R16 103H ADVAN CONTROL,,$0.00,$128.05
BFGOODRICH,ADVAN CON,28399,235/65R17 104H ADVAN CONTROL,,$0.00,$141.70
BFGOODRICH,ADVAN CON,03632,235/65R17 104V ADVAN CONTROL,,$0.00,$148.85
BFGOODRICH,ADVAN CON,06377,235/65R18 106H ADVAN CONTROL,,$0.00,$165.10
BFGOODRICH,ADVAN CON,02584,235/70R16 106T ADVAN CONTROL,,$0.00,$146.90
BFGOODRICH,ADVCTRLHT,28852,235/70R17 109TXL ADVCTRL HT GO,,$0.00,$175.50
BFGOODRICH,GFRCPHENTA,24586,245/35ZR18 92W GFRC PHENM T/A,,$0.00,$175.50
BFGOODRICH,GFRCPHENTA,07406,245/35ZR19 93W GFRC PHENM T/A,,$0.00,$200.85
BFGOODRICH,GFORCM2AS+,05192,245/35ZR19 93W XL G-FORCM2AS+,,$0.00,$209.95
BFGOODRICH,GFRCPHENTA,12772,245/35ZR20 95W GFRC PHENM T/A,,$0.00,$203.45
BFGOODRICH,GFORCM2AS+,15532,245/35ZR20 95W XL G-FORCM2AS+,,$0.00,$201.50
BFGOODRICH,ADVAN CON,02922,245/40R18 97V XL ADV CTRL CPJ,,$0.00,$150.15
BFGOODRICH,ADVAN CON,35730,245/40R18 97W XL ADV CTRL CPJ,,$0.00,$153.40
BFGOODRICH,GFORCM2AS+,78881,245/40ZR17 91W G-FORCMP2 AS+,,$0.00,$161.20
BFGOODRICH,GFRCPHENTA,42911,245/40ZR17 95Y XL GFCPHNTA CPJ,,$0.00,$162.50
BFGOODRICH,GFORCM2AS+,62014,245/40ZR18 97Y XL G-FORCMP2AS+,,$0.00,$172.90
BFGOODRICH,GFRCPHENTA,58711,245/40ZR18 97Y XL GFCPHNTACPJ,,$0.00,$172.90
BFGOODRICH,GFORCM2AS+,18288,245/40ZR19 98Y XL G-FORCMP2AS+,,$0.00,$196.30
BFGOODRICH,GFRCPHENTA,77605,245/40ZR19 98Y XL GFCPHNTA CPJ,,$0.00,$194.35
BFGOODRICH,GFORCM2AS+,50355,245/40ZR20 99W XL G-FORCMP2AS+,,$0.00,$209.95
BFGOODRICH,GFRCPHENTA,18290,245/40ZR20 99Y XL GFCPHNTA CPJ,,$0.00,$215.80
BFGOODRICH,ADVAN CON,03707,245/45R18 100V XL ADVAN CONTRL,,$0.00,$188.50
BFGOODRICH,ADVAN CON,92480,245/45R19 98V ADVAN CTRL CPJ,,$0.00,$196.95
BFGOODRICH,ADVAN CON,02390,245/45R20 99V ADVAN CTRL CPJ,,$0.00,$180.70
BFGOODRICH,GFRCPHENTA,16913,245/45ZR17 99W GFRC PHENM T/A,,$0.00,$154.05
BFGOODRICH,GFORCM2AS+,11005,245/45ZR17 99W XL G-FORCMP2AS+,,$0.00,$159.25
BFGOODRICH,GFORCM2AS+,50280,245/45ZR18 100Y XL G-FORCM2AS+,,$0.00,$169.00
BFGOODRICH,GFRCPHENTA,72898,245/45ZR18 100Y XLGFCPHNTA CPJ,,$0.00,$177.45
BFGOODRICH,GFORCM2AS+,30693,245/45ZR19 102W XL G-FORCM2AS+,,$0.00,$189.15
BFGOODRICH,GFRCPHENTA,82875,245/45ZR19 102Y XLGFCPHNTA CPJ,,$0.00,$182.00
BFGOODRICH,GFORCM2AS+,24329,245/45ZR20 103Y XL G-FORCM2AS+,,$0.00,$203.45
BFGOODRICH,GFRCPHENTA,78725,245/45ZR20 103Y XLGFCPHNTA CPJ,,$0.00,$194.35
BFGOODRICH,ADVAN CON,72672,245/50R18 104V XL ADV CONTROL,,$0.00,$176.15
BFGOODRICH,ADVAN CON,28463,245/50R20 102H ADVANTAGE CONTR,,$0.00,$182.00
BFGOODRICH,ADVAN CON,02465,245/50R20 102V ADV CTRL CPJ,,$0.00,$187.20
BFGOODRICH,GFORCM2AS+,35032,245/50ZR16 97W G-FORCMP2 AS+,,$0.00,$170.95
BFGOODRICH,GFORCM2AS+,03637,245/50ZR19 105W XL G-FORCM2AS+,,$0.00,$196.95
BFGOODRICH,GFRCPHENTA,85765,245/50ZR19 105W XLGFCPHNTA CPJ,,$0.00,$204.10
BFGOODRICH,ADVAN CON,38227,245/55R18 103V ADVANT CTRL CPJ,,$0.00,$179.40
BFGOODRICH,ADVAN CON,17779,245/55R19 103H ADV CNTRL,,$0.00,$191.75
BFGOODRICH,ADVAN CON,05048,245/60R18 105H ADVAN CONTROL,,$0.00,$175.50
BFGOODRICH,ADVAN CON,51386,245/60R20 107H ADV CONTROL,,$0.00,$180.05
BFGOODRICH,ADVAN CON,29387,245/65R17 107T ADVAN CONTROL,,$0.00,$147.55
BFGOODRICH,ADVCTRLHT,65245,245/70R17 110TTL ADVCTRL HT GO,,$0.00,$168.35
BFGOODRICH,ADVCTRLHT,01719,245/75R16 111TTL ADVCTRL HT GO,,$0.00,$174.85
BFGOODRICH,ADVCTRLHT,18534,245/75R17 112TTL ADVCTRL HT GO,,$0.00,$200.20
BFGOODRICH,GFRCPHENTA,11294,255/35ZR18 94W GFRC PHENM T/A,,$0.00,$191.75
BFGOODRICH,GFORCM2AS+,03799,255/35ZR18 94W XL G-FORCMP2AS+,,$0.00,$195.00
BFGOODRICH,GFORCM2AS+,36658,255/35ZR19 96W XL G-FORCMP2AS+,,$0.00,$198.90
BFGOODRICH,GFRCPHENTA,05902,255/35ZR19 96Y XL GFCPHNTA CPJ,,$0.00,$194.35
BFGOODRICH,GFORCM2AS+,61319,255/35ZR20 97W XL G-FORCMP2AS+,,$0.00,$196.30
BFGOODRICH,GFRCPHENTA,62604,255/35ZR20 97Y XL GFCPHNTA CPJ,,$0.00,$191.75
BFGOODRICH,GFORCM2AS+,20437,255/40ZR17 94W G-FORCMP2 AS+,,$0.00,$140.40
BFGOODRICH,GFORCM2AS+,04086,255/40ZR18 99W XL G-FORCMP2AS+,,$0.00,$186.55
BFGOODRICH,GFRCPHENTA,04412,255/40ZR18 99Y XL GFCPHNTA CPJ,,$0.00,$187.20
BFGOODRICH,GFORCM2AS+,00544,255/40ZR19 100Y XL G-FORCM2AS+,,$0.00,$209.95
BFGOODRICH,GFRCPHENTA,86440,255/40ZR19 100Y XLGFCPHNTA CPJ,,$0.00,$206.05
BFGOODRICH,GFRCPHENTA,29676,255/40ZR20 101Y XLGFCPHNTA CPJ,,$0.00,$246.35
BFGOODRICH,ADVAN CON,01805,255/45R20 101W ADVANTAGE CONTR,,$0.00,$198.25
BFGOODRICH,GFORCM2AS+,18395,255/45ZR18 99W G-FORCM2AS+,,$0.00,$182.65
BFGOODRICH,GFORCM2AS+,87039,255/45ZR20 101Y G-FORCMP2 AS+,,$0.00,$194.35
BFGOODRICH,ADVAN CON,67453,255/50R19 107V XL ADV CONTROL,,$0.00,$187.20
BFGOODRICH,ADVAN CON,61370,255/50R20 109H XL ADV CTRL GO,,$0.00,$189.15
BFGOODRICH,ADVAN CON,38080,255/55R18 109V XL ADV CONTROL,,$0.00,$180.70
BFGOODRICH,ADVAN CON,24766,255/55R20 110H XL ADV CONTROL,,$0.00,$196.30
BFGOODRICH,ADVAN CON,06701,255/60R18 112V XL ADV CONTROL,,$0.00,$192.40
BFGOODRICH,ADVAN CON,33985,255/60R19 109H ADV CONTROL,,$0.00,$185.25
BFGOODRICH,ADVCTRLHT,77143,255/65R17 110TTL ADVCTRL HT GO,,$0.00,$188.50
BFGOODRICH,ADVCTRLHT,25022,255/65R18 111TTL ADVCTRL HT GO,,$0.00,$193.05
BFGOODRICH,ADVCTRLHT,51850,255/70R17 112TTL ADVCTRL HT GO,,$0.00,$187.85
BFGOODRICH,ADVCTRLHT,85543,255/70R18 113TTL ADVCTRL HT GO,,$0.00,$196.30
BFGOODRICH,ADVCTRLHT,30142,255/75R17 115TTL ADVCTRL HT GO,,$0.00,$198.25
BFGOODRICH,GFORCM2AS+,77228,265/35ZR18 97W XL G-FORCM2PAS+,,$0.00,$189.15
BFGOODRICH,GFRCPHENTA,15794,265/35ZR18 97Y XL GFCPHNTA CPJ,,$0.00,$189.15
BFGOODRICH,GFRCPHENTA,03584,265/35ZR19 98Y XLGFCPHNTA CPJ,,$0.00,$237.90
BFGOODRICH,GFRCPHENTA,13512,265/35ZR20 99Y XL GFCPHNTA CPJ,,$0.00,$242.45
BFGOODRICH,GFRCPHENTA,67400,265/40ZR18 101Y XLGFCPHNTA CPJ,,$0.00,$219.70
BFGOODRICH,GFRCPHENTA,11390,265/40ZR19 102Y XLGFCPHNTA CPJ,,$0.00,$222.30
BFGOODRICH,ADVAN CON,03629,265/50R20 107T ADVAN CONTROL,,$0.00,$178.10
BFGOODRICH,ADVAN CON,30990,265/50R20 107V ADVAN CONTROL,,$0.00,$183.95
BFGOODRICH,ADVCTRLHT,18717,265/60R18 110HTL ADVCTRL HT GO,,$0.00,$196.30
BFGOODRICH,ADVCTRLHT,63964,265/65R17 112TTL ADVCTRL HT GO,,$0.00,$198.25
BFGOODRICH,ADVCTRLHT,52066,265/65R18 114H TL ADVCTRLHT GO,,$0.00,$191.10
BFGOODRICH,ADVCTRLHT,39126,265/70R16 112TTL ADVCTRL HT GO,,$0.00,$162.50
BFGOODRICH,ADVCTRLHT,78845,265/70R17 115T ADVN CTRL HT GO,,$0.00,$179.40
BFGOODRICH,ADVCTRLHT,28742,265/70R18 116TTL ADVCTRL HT GO,,$0.00,$199.55
BFGOODRICH,ADVCTRLHT,13014,265/75R16 116TTL ADVCTRL HT GO,,$0.00,$183.30
BFGOODRICH,GFORCM2AS+,43998,275/35ZR18 99W XL G-FORCMP2AS+,,$0.00,$208.65
BFGOODRICH,GFRCPHENTA,14975,275/35ZR18 99Y XL GFCPHNTA CPJ,,$0.00,$213.20
BFGOODRICH,GFORCM2AS+,31975,275/35ZR19 100W XL G-FORCM2AS+,,$0.00,$213.85
BFGOODRICH,GFRCPHENTA,50946,275/35ZR19 100Y XLGFCPHNTA CPJ,,$0.00,$226.85
BFGOODRICH,GFORCM2AS+,43025,275/35ZR20 102W XL G-FORCM2AS+,,$0.00,$216.45
BFGOODRICH,GFRCPHENTA,66145,275/35ZR20 102Y XLGFCPHNTA CPJ,,$0.00,$236.60
BFGOODRICH,GFORCM2AS+,07705,275/40ZR17 98W G-FORCMP2 AS+,,$0.00,$170.95
BFGOODRICH,GFORCM2AS+,87293,275/40ZR18 99W G-FORCM2P AS+,,$0.00,$237.90
BFGOODRICH,GFORCM2AS+,95760,275/40ZR19 105W XL G-FORCM2AS+,,$0.00,$235.30
BFGOODRICH,GFRCPHENTA,83634,275/40ZR19 105Y XLGFCPHNTA CPJ,,$0.00,$260.00
BFGOODRICH,GFORCM2AS+,93883,275/40ZR20 106Y XL G-FORCM2AS+,,$0.00,$233.35
BFGOODRICH,GFRCPHENTA,33720,275/40ZR20 106Y XL GFCPHNTACPJ,,$0.00,$224.25
BFGOODRICH,ADVAN CON,04744,275/45R20 110V XL ADV CONTROL,,$0.00,$216.45
BFGOODRICH,ADVAN CON,03475,275/45R21 110W XL ADV CNTRL,,$0.00,$235.30
BFGOODRICH,ADVCTRLHT,97451,275/50R22 111HTL ADVCTRL HT GO,,$0.00,$234.65
BFGOODRICH,ADVCTRLHT,60558,275/55R20 113TTL ADVCTRL HT GO,,$0.00,$205.40
BFGOODRICH,ADVCTRLHT,57280,275/60R20 115TTL ADVCTRL HT GO,,$0.00,$208.65
BFGOODRICH,ADVCTRLHT,04034,275/65R18 116TTL ADVCTRL HT GO,,$0.00,$209.30
BFGOODRICH,GFORCM2AS+,19918,285/35ZR19 103Y XL G-FORCM2AS+,,$0.00,$250.90
BFGOODRICH,GFORCM2AS+,97470,285/35ZR20 104Y XL G-FORCM2AS+,,$0.00,$224.90
BFGOODRICH,GFORCM2AS+,76991,305/35ZR20 104Y G-FORCMP2 AS+,,$0.00,$239.20
BFGOODRICH,RAD TA 3,94684,P205/60R15 90S RAD T/A RWL,,$0.00,$146.90
BFGOODRICH,RAD TA 3,23353,P205/70R14 93S RAD T/A TL RWL,,$0.00,$150.15
BFGOODRICH,RAD TA 3,87370,P215/60R14 91S RAD T/A RWL,,$0.00,$159.25
BFGOODRICH,RAD TA 3,35841,P215/60R15 93S RAD T/A RWL,,$0.00,$163.15
BFGOODRICH,RAD TA 3,15015,P215/65R15 95S RAD T/A TL RWL,,$0.00,$165.10
BFGOODRICH,RAD TA 3,13823,P215/70R14 96S RAD T/A RWL,,$0.00,$150.15
BFGOODRICH,RAD TA 3,94777,P215/70R15 97S RAD T/A RWL,,$0.00,$152.10
BFGOODRICH,RAD TA 3,03769,P225/60R14 94S RAD T/A RWL,,$0.00,$142.35
BFGOODRICH,RAD TA 3,10971,P225/60R15 95S RAD T/A RWL,,$0.00,$169.00
BFGOODRICH,RAD TA 3,19922,P235/60R15 98S RAD T/A TL RWL,,$0.00,$180.05
BFGOODRICH,RAD TA 3,87449,P245/60R14 98S RAD T/A RWL,,$0.00,$176.15
